,total_count,neighborhood
0,2,Mount Oliver Borough
1,1,Sheraden
2,1,Terrace Village
3,1,Brighton Heights
4,1,
5,1,Westwood
6,1,East Liberty
7,2,Upper Lawrenceville
8,1,Marshall-Shadeland
9,1,Beechview
10,1,East Hills
11,2,Marshall-Shadeland
12,1,Arlington
13,1,Arlington Heights
14,1,Mount Washington
15,1,East Liberty
16,1,South Side Flats
17,2,Hazelwood
18,1,Homewood South
19,1,Greenfield
20,1,Bloomfield
21,2,Beltzhoover
22,1,Homewood South
23,2,Homewood North
24,1,Hazelwood
25,1,Brighton Heights
26,1,Upper Hill
27,1,Perry South
28,1,Lincoln-Lemington-Belmar
29,1,Bedford Dwellings
30,2,Homewood West
31,1,Bedford Dwellings
32,1,Carrick
33,2,Central Northside
34,1,Chateau
35,1,Beltzhoover
36,1,Beechview
37,1,Fineview
38,1,Chartiers City
39,2,Larimer
40,1,Beltzhoover
41,1,Larimer
42,1,Beltzhoover
43,1,Polish Hill
44,1,Larimer
45,1,South Shore
46,1,Highland Park
47,1,Marshall-Shadeland
48,1,
49,1,Homewood South
50,1,South Side Flats
51,1,Knoxville
52,1,Lower Lawrenceville
53,1,Larimer
54,1,
55,1,Carrick
56,1,Homewood North
57,1,Allentown
58,1,Homewood South
59,1,Homewood North
60,1,Spring Hill-City View
61,1,Garfield
62,3,Knoxville
63,1,Central Northside
64,1,Beltzhoover
65,4,Bluff
66,1,Homewood North
67,1,Garfield
68,1,Overbrook
69,1,Knoxville
70,1,Homewood North
71,1,Garfield
72,1,Beltzhoover
73,2,Perry South
74,1,Terrace Village
75,1,Bedford Dwellings
76,2,
77,1,Bluff
78,1,Beltzhoover
79,1,South Side Slopes
80,1,Knoxville
81,1,Fineview
82,1,Bluff
83,1,Central Business District
84,1,Central Business District
85,1,South Side Flats
86,1,Banksville
87,1,Perry North
88,1,Larimer
89,1,Homewood South
90,1,
91,1,Central Northside
92,1,Lincoln-Lemington-Belmar
93,2,Garfield
94,1,Homewood South
95,2,Homewood South
96,1,
97,1,Central Business District
98,1,Larimer
99,1,
100,1,Beltzhoover
101,1,Banksville
102,2,Perry North
103,1,Perry South
104,1,South Side Flats
105,1,Friendship
106,1,
107,1,Marshall-Shadeland
108,1,Carrick
109,2,Perry South
110,2,Upper Hill
111,1,
112,3,Homewood South
113,2,
114,1,Crawford-Roberts
115,1,Middle Hill
116,1,Homewood North
117,1,Polish Hill
118,2,Larimer
119,1,Homewood North
120,1,Allentown
121,1,Homewood South
122,1,Homewood South
123,1,Mount Washington
124,1,Greenfield
125,1,
126,1,Larimer
127,1,Brookline
128,1,Homewood South
129,1,Point Breeze
130,2,Larimer
131,1,Central Northside
132,24,Homewood South
133,1,Larimer
134,2,Crawford-Roberts
135,1,Carrick
136,2,Marshall-Shadeland
137,1,Carrick
138,1,Homewood North
139,1,Homewood South
140,1,
141,1,
142,3,Chateau
143,1,Knoxville
144,1,Brighton Heights
145,1,
146,1,Lincoln-Lemington-Belmar
147,1,Brighton Heights
148,3,Crafton Heights
149,1,Homewood North
150,1,Middle Hill
151,1,Homewood North
152,1,Northview Heights
153,4,Arlington
154,1,Homewood North
155,1,Homewood North
156,1,Crafton Heights
157,1,
158,1,Greenfield
159,1,Homewood West
160,1,
161,1,East Hills
162,1,South Oakland
163,2,Upper Hill
164,1,Point Breeze North
165,1,
166,1,Bedford Dwellings
167,1,Upper Hill
168,1,Larimer
169,1,Terrace Village
170,1,Perry South
171,1,East Allegheny
172,1,Bedford Dwellings
173,1,Chateau
174,1,Sheraden
175,1,Garfield
176,1,Beechview
177,1,Central Northside
178,1,East Hills
179,2,Homewood North
180,1,
181,1,East Liberty
182,1,Central Business District
183,1,Arlington
184,1,East Allegheny
185,1,Sheraden
186,1,East Hills
187,5,Highland Park
188,3,
189,1,Garfield
190,1,Elliott
191,1,Upper Lawrenceville
192,1,Marshall-Shadeland
193,2,Arlington
194,1,Upper Hill
195,1,East Hills
196,1,South Oakland
197,1,Sheraden
198,1,
199,1,Sheraden
200,2,Allentown
201,1,Central Northside
202,1,
203,1,East Hills
204,1,Allentown
205,2,Larimer
206,1,Lincoln-Lemington-Belmar
207,2,Elliott
208,1,Arlington
209,1,Garfield
210,1,Perry South
211,1,Terrace Village
212,1,East Liberty
213,1,Bedford Dwellings
214,1,Beltzhoover
215,1,Fairywood
216,1,
217,1,Sheraden
218,2,
219,1,Hazelwood
220,1,South Oakland
221,2,Bedford Dwellings
222,1,Homewood South
223,1,Shadyside
224,1,Crawford-Roberts
225,1,East Liberty
226,1,
227,1,Homewood South
228,1,Larimer
229,1,
230,1,Homewood South
231,2,Carrick
232,1,Central Business District
233,1,Allegheny West
234,1,Larimer
235,1,Overbrook
236,1,
237,1,Middle Hill
238,1,Hazelwood
239,1,South Oakland
240,1,Mount Washington
241,1,Terrace Village
242,1,Crafton Heights
243,1,Carrick
244,1,Manchester
245,1,Homewood South
246,1,Central Northside
247,7,Knoxville
248,2,Brookline
249,1,Garfield
250,1,Knoxville
251,1,Perry South
252,1,South Side Slopes
253,1,North Oakland
254,2,
255,2,Larimer
256,2,
257,1,Homewood South
258,1,East Allegheny
259,1,Hazelwood
260,1,East Liberty
261,1,Homewood South
262,1,Beltzhoover
263,1,Mount Washington
264,2,Chateau
265,1,Arlington Heights
266,1,Polish Hill
267,1,Larimer
268,1,Brookline
269,1,Brighton Heights
270,1,
271,1,Homewood West
272,1,Middle Hill
273,1,Homewood North
274,1,Perry South
275,1,East Liberty
276,1,
277,1,
278,1,
279,1,South Side Flats
280,2,Allentown
281,1,Mount Washington
282,1,Bedford Dwellings
283,3,Perry South
284,1,Chateau
285,3,East Liberty
286,1,East Liberty
287,1,Point Breeze North
288,4,Bloomfield
289,1,Arlington
290,1,Larimer
291,1,Homewood North
292,3,Marshall-Shadeland
293,1,Highland Park
294,1,Marshall-Shadeland
295,1,Crawford-Roberts
296,1,Troy Hill
297,3,Homewood North
298,1,Manchester
299,1,Mount Washington
300,1,West Oakland
301,1,Homewood North
302,1,Beechview
303,1,Perry South
304,1,Perry South
305,1,South Side Slopes
306,1,Carrick
307,2,Point Breeze
308,3,
309,1,Carrick
310,1,
311,1,Knoxville
312,1,Larimer
313,1,Spring Hill-City View
314,1,Marshall-Shadeland
315,1,Bedford Dwellings
316,2,Summer Hill
317,1,East Liberty
318,1,Spring Garden
319,1,Larimer
320,1,Hazelwood
321,1,
322,1,Lincoln-Lemington-Belmar
323,1,Carrick
324,1,Marshall-Shadeland
325,1,Homewood South
326,1,Homewood South
327,1,
328,1,Perry South
329,2,Perry South
330,1,East Liberty
331,1,Homewood South
332,1,Homewood North
333,1,Troy Hill
334,1,
335,1,Bluff
336,1,Homewood West
337,1,Homewood North
338,1,Spring Hill-City View
339,1,Upper Hill
340,1,
341,1,
342,1,Homewood North
343,1,Stanton Heights
344,1,Knoxville
345,1,Elliott
346,1,Marshall-Shadeland
347,1,Terrace Village
348,1,East Liberty
349,3,Crafton Heights
350,1,Garfield
351,1,Perry South
352,1,South Side Flats
353,1,Larimer
354,1,
355,1,Brighton Heights
356,1,East Liberty
357,2,Marshall-Shadeland
358,1,East Allegheny
359,1,
360,1,Homewood North
361,1,Hazelwood
362,2,Arlington Heights
363,1,Point Breeze
364,5,East Hills
365,1,Hazelwood
366,1,Westwood
367,1,Hazelwood
368,1,Homewood South
369,1,Homewood North
370,1,Lincoln-Lemington-Belmar
371,1,Beltzhoover
372,1,
373,1,Allegheny Center
374,1,Glen Hazel
375,1,Larimer
376,2,Squirrel Hill South
377,1,
378,1,Homewood North
379,1,
380,1,California-Kirkbride
381,1,Marshall-Shadeland
382,1,Homewood South
383,1,Central Northside
384,1,
385,1,South Side Flats
386,1,Marshall-Shadeland
387,1,Crafton Heights
388,11,
389,1,Middle Hill
390,1,
391,1,Hazelwood
392,1,Central Northside
393,1,Manchester
394,1,Mount Washington
395,2,
396,1,Bedford Dwellings
397,1,Homewood North
398,1,Crafton Heights
399,1,Homewood South
400,1,Allegheny Center
401,1,Central Business District
402,1,South Side Flats
403,1,Garfield
404,1,Crawford-Roberts
405,1,Perry South
406,1,California-Kirkbride
407,1,
408,1,Perry North
409,1,Brighton Heights
410,2,Marshall-Shadeland
411,1,Spring Hill-City View
412,1,
413,1,Hazelwood
414,1,
415,1,Sheraden
416,1,Terrace Village
417,1,Perry South
418,1,
419,1,Homewood North
420,1,
421,1,Bluff
422,1,East Hills
423,1,Carrick
424,1,Brookline
425,1,Highland Park
426,1,Carrick
427,1,Sheraden
428,1,West Oakland
429,1,Carrick
430,1,Central Business District
431,3,South Side Slopes
432,1,Central Northside
433,1,Perry South
434,1,Fineview
435,1,Homewood West
436,1,Homewood South
437,2,South Side Flats
438,1,Greenfield
439,1,Beechview
440,1,East Liberty
441,1,Brookline
442,1,Bluff
443,1,Homewood South
444,1,
445,1,Strip District
446,1,Garfield
447,1,Squirrel Hill South
448,1,Homewood South
449,1,Marshall-Shadeland
450,3,Squirrel Hill North
451,1,Hazelwood
452,1,Mount Washington
453,1,Middle Hill
454,1,Lincoln-Lemington-Belmar
455,2,Lower Lawrenceville
456,1,Upper Hill
457,1,East Hills
458,1,Morningside
459,3,
460,1,Overbrook
461,1,Arlington Heights
462,2,West Oakland
463,1,Sheraden
464,1,
465,1,Brookline
466,1,Central Business District
467,1,Knoxville
468,2,Bloomfield
469,1,Banksville
470,1,Homewood North
471,16,Morningside
472,1,
473,1,Allentown
474,1,Carrick
475,1,Upper Hill
476,1,Spring Hill-City View
477,1,Glen Hazel
478,3,Brighton Heights
479,1,
480,1,
481,1,Crafton Heights
482,1,Homewood South
483,1,Glen Hazel
484,2,Troy Hill
485,1,Terrace Village
486,1,Lincoln-Lemington-Belmar
487,1,
488,1,
489,1,
490,1,Larimer
491,1,Mount Washington
492,1,Spring Hill-City View
493,1,Shadyside
494,1,Knoxville
495,1,Beechview
496,2,Lincoln-Lemington-Belmar
497,1,
498,1,South Side Flats
499,1,Homewood South
500,1,East Allegheny
501,1,Marshall-Shadeland
502,1,Lincoln-Lemington-Belmar
503,1,
504,1,Central Northside
505,1,South Side Flats
506,1,Greenfield
507,1,Homewood West
508,1,Homewood North
509,1,Bluff
510,1,Beltzhoover
511,1,East Allegheny
512,1,Homewood South
513,1,Point Breeze
514,1,
515,1,Marshall-Shadeland
516,1,Sheraden
517,2,Beechview
518,2,Homewood North
519,1,Homewood West
520,1,Homewood West
521,1,Homewood South
522,1,Crafton Heights
523,1,Larimer
524,1,Central Northside
525,1,South Side Flats
526,19,Lincoln-Lemington-Belmar
527,1,Beltzhoover
528,1,Larimer
529,1,Bloomfield
530,1,Central Oakland
531,1,Knoxville
532,1,Central Lawrenceville
533,1,Garfield
534,1,East Hills
535,1,Stanton Heights
536,1,Mount Washington
537,1,
538,1,
539,1,Central Lawrenceville
540,2,Lincoln-Lemington-Belmar
541,2,Larimer
542,1,South Side Slopes
543,1,Allentown
544,1,Central Business District
545,2,Sheraden
546,1,Manchester
547,1,Hazelwood
548,1,Brighton Heights
549,2,
550,2,South Side Flats
551,1,
552,1,Central Business District
553,1,Fineview
554,1,Mount Washington
555,2,Northview Heights
556,1,South Side Slopes
557,1,Northview Heights
558,1,
559,1,Larimer
560,1,Homewood West
561,1,
562,1,Homewood South
563,1,Homewood West
564,1,Allentown
565,2,Larimer
566,1,Homewood South
567,1,
568,2,Carrick
569,1,
570,1,Sheraden
571,1,
572,1,Mount Washington
573,1,
574,1,
575,1,Homewood North
576,1,Carrick
577,5,Brookline
578,1,
579,1,Garfield
580,5,Arlington
581,2,Central Business District
582,1,Spring Hill-City View
583,2,Homewood South
584,1,Allegheny West
585,1,Lincoln-Lemington-Belmar
586,2,Marshall-Shadeland
587,1,Elliott
588,1,Chateau
589,1,
590,1,Homewood South
591,1,Central Business District
592,1,Allentown
593,1,Homewood North
594,1,Crafton Heights
595,6,Allentown
596,5,
597,1,South Side Slopes
598,3,
599,1,Central Business District
600,1,West Oakland
601,2,
602,1,Central Business District
603,1,Central Business District
604,1,Larimer
605,2,Bedford Dwellings
606,1,Homewood South
607,1,
608,1,Fineview
609,1,Bedford Dwellings
610,1,Perry South
611,3,Carrick
612,1,South Side Flats
613,1,
614,1,Mount Washington
615,1,Central Northside
616,1,
617,1,Middle Hill
618,1,Brighton Heights
619,1,Garfield
620,3,Brighton Heights
621,1,Homewood South
622,1,Carrick
623,1,Upper Hill
624,1,
625,2,Brookline
626,1,South Side Flats
627,1,Middle Hill
628,1,
629,1,Homewood South
630,1,Central Business District
631,1,East Liberty
632,1,Marshall-Shadeland
633,1,East Liberty
634,3,Crafton Heights
635,1,East Hills
636,1,Overbrook
637,1,Homewood West
638,1,
639,4,Central Northside
640,1,Hazelwood
641,1,Homewood North
642,2,
643,1,Beltzhoover
644,1,Knoxville
645,1,Beechview
646,1,
647,1,Brookline
648,1,Central Northside
649,1,Beltzhoover
650,3,Brighton Heights
651,1,Bedford Dwellings
652,1,Larimer
653,1,Larimer
654,1,Homewood North
655,1,Bloomfield
656,1,Garfield
657,1,East Allegheny
658,1,Manchester
659,4,
660,1,Allentown
661,1,Garfield
662,3,Homewood North
663,1,Homewood North
664,1,Homewood South
665,1,Overbrook
666,1,Squirrel Hill South
667,1,South Oakland
668,2,
669,1,
670,1,
671,2,Sheraden
672,1,
673,1,Bloomfield
674,2,Strip District
675,1,Strip District
676,1,Strip District
677,1,Homewood South
678,1,Hazelwood
679,1,Central Business District
680,1,East Liberty
681,1,East Liberty
682,1,Homewood North
683,1,California-Kirkbride
684,1,Beltzhoover
685,1,
686,1,
687,1,Manchester
688,2,Spring Garden
689,1,Troy Hill
690,1,Fineview
691,1,Homewood South
692,1,
693,1,Sheraden
694,1,West Oakland
695,4,Perry North
696,1,Hazelwood
697,1,
698,2,South Side Flats
699,1,Central Northside
700,1,Middle Hill
701,2,Central Northside
702,1,Larimer
703,1,Central Business District
704,1,
705,1,Brighton Heights
706,1,Homewood South
707,4,Point Breeze
708,1,Bedford Dwellings
709,2,Arlington
710,1,Lincoln-Lemington-Belmar
711,2,
712,1,
713,1,
714,1,Central Business District
715,1,South Side Flats
716,1,Perry South
717,1,South Side Flats
718,1,Manchester
719,1,East Hills
720,1,Hazelwood
721,1,Garfield
722,2,Arlington
723,1,Knoxville
724,2,Brookline
725,1,Central Oakland
726,1,South Side Flats
727,1,
728,1,Homewood South
729,1,Perry North
730,1,
731,1,
732,1,Larimer
733,1,
734,2,Sheraden
735,2,Perry North
736,1,Allentown
737,1,Homewood South
738,1,
739,1,Homewood South
740,6,Crafton Heights
741,1,East Hills
742,1,East Hills
743,1,Homewood North
744,1,Crawford-Roberts
745,1,Banksville
746,2,Brighton Heights
747,1,South Side Flats
748,1,Mount Washington
749,1,Larimer
750,1,South Side Flats
751,1,Carrick
752,3,
753,4,
754,1,Bluff
755,2,Perry South
756,1,
757,1,
758,1,Greenfield
759,1,Bloomfield
760,1,Manchester
761,1,Bluff
762,1,Manchester
763,1,Squirrel Hill South
764,1,Homewood South
765,1,Lincoln-Lemington-Belmar
766,1,Sheraden
767,1,Homewood North
768,1,Greenfield
769,1,Knoxville
770,1,
771,1,Brighton Heights
772,1,Mount Washington
773,1,Homewood North
774,1,South Shore
775,1,Knoxville
776,1,Perry North
777,1,East Liberty
778,1,Sheraden
779,1,Glen Hazel
780,1,
781,1,Shadyside
782,1,Allentown
783,1,Perry South
784,1,Homewood South
785,1,Perry South
786,1,Perry South
787,1,Glen Hazel
788,2,Spring Garden
789,1,Lincoln-Lemington-Belmar
790,1,Marshall-Shadeland
791,2,Central Northside
792,1,Troy Hill
793,1,Sheraden
794,1,Marshall-Shadeland
795,1,Hazelwood
796,1,East Hills
797,1,
798,1,Sheraden
799,1,Homewood South
800,1,
801,1,Garfield
802,1,Central Northside
803,2,Manchester
804,1,Mount Washington
805,1,Homewood North
806,1,Central Business District
807,2,Bedford Dwellings
808,1,Perry South
809,1,
810,2,Beechview
811,1,Beechview
812,1,Perry South
813,1,Homewood North
814,1,South Side Flats
815,1,Allentown
816,1,Arlington
817,1,Crawford-Roberts
818,1,Mount Washington
819,1,Highland Park
820,1,Terrace Village
821,1,
822,1,Middle Hill
823,1,Garfield
824,1,Mount Washington
825,2,Elliott
826,1,Squirrel Hill South
827,1,Allegheny West
828,1,
829,1,
830,1,Central Northside
831,1,Marshall-Shadeland
832,1,Homewood South
833,2,
834,1,Marshall-Shadeland
835,1,Manchester
836,3,Upper Lawrenceville
837,1,Perry North
838,1,South Side Flats
839,1,
840,1,Carrick
841,1,Manchester
842,1,
843,1,
844,1,Central Northside
845,1,Manchester
846,1,Brighton Heights
847,1,Overbrook
848,1,
849,1,
850,1,South Side Slopes
851,1,Northview Heights
852,1,Point Breeze North
853,1,
854,1,
855,1,Squirrel Hill South
856,1,West Oakland
857,1,Manchester
858,1,Allentown
859,4,Hazelwood
860,1,Regent Square
861,1,Carrick
862,1,Crafton Heights
863,1,Central Business District
864,3,Carrick
865,1,Manchester
866,1,South Side Flats
867,1,Garfield
868,1,East Hills
869,1,South Side Flats
870,1,
871,1,Central Northside
872,1,Northview Heights
873,1,Arlington
874,1,Hazelwood
875,1,Middle Hill
876,1,Homewood South
877,1,Bedford Dwellings
878,1,Manchester
879,3,
880,4,Allentown
881,1,Spring Hill-City View
882,1,Homewood South
883,1,Shadyside
884,1,Elliott
885,1,Troy Hill
886,2,
887,1,Sheraden
888,1,Bedford Dwellings
889,1,Perry South
890,1,
891,1,Marshall-Shadeland
892,1,Beltzhoover
893,1,Middle Hill
894,1,Garfield
895,5,Brookline
896,1,
897,1,Manchester
898,1,
899,2,Glen Hazel
900,1,Knoxville
901,1,Lincoln-Lemington-Belmar
902,5,Hazelwood
903,1,Squirrel Hill South
904,1,East Allegheny
905,1,Sheraden
906,1,Homewood North
907,1,Crafton Heights
908,1,
909,2,Homewood West
910,1,Homewood South
911,1,Crafton Heights
912,1,Sheraden
913,1,Brookline
914,1,
915,1,Homewood South
916,1,East Hills
917,1,East Hills
918,1,Hazelwood
919,1,Beltzhoover
920,2,South Side Flats
921,1,Homewood North
922,1,Highland Park
923,3,Larimer
924,1,Beltzhoover
925,1,South Shore
926,1,Manchester
927,1,Carrick
928,1,Central Business District
929,1,Homewood West
930,1,
931,1,Overbrook
932,1,Troy Hill
933,1,Marshall-Shadeland
934,1,Garfield
935,1,Homewood South
936,1,Troy Hill
937,1,Spring Hill-City View
938,1,Central Business District
939,1,Arlington Heights
940,3,Fineview
941,1,Chateau
942,1,Lincoln-Lemington-Belmar
943,1,Manchester
944,2,Garfield
945,1,Allegheny Center
946,2,Garfield
947,1,Beechview
948,1,West Oakland
949,1,Homewood West
950,1,Lincoln-Lemington-Belmar
951,1,
952,1,Lincoln-Lemington-Belmar
953,1,West Oakland
954,1,Homewood North
955,1,Perry North
956,3,Lincoln-Lemington-Belmar
957,1,East Allegheny
958,1,South Side Flats
959,1,Manchester
960,1,
961,1,Banksville
962,1,
963,1,Garfield
964,1,Elliott
965,1,Homewood South
966,1,Northview Heights
967,1,East Liberty
968,1,Bedford Dwellings
969,1,Brighton Heights
970,1,
971,2,Crafton Heights
972,1,Troy Hill
973,1,Homewood South
974,1,Bedford Dwellings
975,1,Marshall-Shadeland
976,1,Sheraden
977,1,East Liberty
978,1,Brookline
979,1,
980,1,Manchester
981,1,
982,1,Crafton Heights
983,2,East Hills
984,1,Perry South
985,3,Terrace Village
986,1,Central Lawrenceville
987,1,Middle Hill
988,1,South Side Flats
989,1,Central Northside
990,1,Manchester
991,1,Bedford Dwellings
992,1,Homewood South
993,1,
994,1,Central Business District
995,2,Brighton Heights
996,1,
997,1,Middle Hill
998,2,
999,1,
1000,2,Bloomfield
1001,1,Sheraden
1002,1,Spring Hill-City View
1003,1,Central Northside
1004,1,Point Breeze
1005,1,Fineview
1006,1,East Liberty
1007,1,Homewood West
1008,1,Central Northside
1009,12,Central Northside
1010,1,
1011,1,Middle Hill
1012,1,Mount Washington
1013,1,Bedford Dwellings
1014,1,Beltzhoover
1015,1,Crawford-Roberts
1016,2,St. Clair
1017,1,
1018,1,Duquesne Heights
1019,1,Central Business District
1020,1,Lower Lawrenceville
1021,1,Sheraden
1022,1,Middle Hill
1023,1,Central Northside
1024,1,
1025,1,
1026,1,Carrick
1027,1,Lincoln-Lemington-Belmar
1028,1,West Oakland
1029,1,Point Breeze North
1030,1,Central Business District
1031,1,
1032,1,Shadyside
1033,1,Spring Hill-City View
1034,1,
1035,1,Shadyside
1036,1,East Hills
1037,1,
1038,1,Oakwood
1039,1,Homewood West
1040,1,Stanton Heights
1041,1,Central Business District
1042,1,Bloomfield
1043,1,California-Kirkbride
1044,1,Brighton Heights
1045,2,
1046,1,Larimer
1047,2,Point Breeze North
1048,1,Homewood South
1049,1,
1050,1,Brookline
1051,1,Bluff
1052,1,Spring Hill-City View
1053,1,Upper Lawrenceville
1054,1,Shadyside
1055,1,Mount Washington
1056,1,East Liberty
1057,1,Knoxville
1058,4,Northview Heights
1059,1,Squirrel Hill South
1060,1,Perry North
1061,3,Knoxville
1062,1,
1063,1,California-Kirkbride
1064,2,Homewood South
1065,6,Mount Washington
1066,1,Terrace Village
1067,1,Sheraden
1068,1,Crafton Heights
1069,2,Spring Hill-City View
1070,1,
1071,1,Homewood South
1072,1,
1073,1,West Oakland
1074,1,
1075,1,Homewood North
1076,1,
1077,1,Fineview
1078,1,Bedford Dwellings
1079,1,Larimer
1080,1,Homewood North
1081,2,Brookline
1082,1,Central Oakland
1083,1,Knoxville
1084,1,Carrick
1085,2,Point Breeze North
1086,2,Homewood South
1087,2,
1088,1,East Liberty
1089,3,Middle Hill
1090,1,Mount Oliver Borough
1091,1,Middle Hill
1092,1,Perry North
1093,3,Homewood North
1094,1,Hazelwood
1095,1,Knoxville
1096,1,Larimer
1097,1,Crawford-Roberts
1098,1,Upper Hill
1099,5,Crawford-Roberts
1100,1,Garfield
1101,1,Windgap
1102,1,Crawford-Roberts
1103,2,Bluff
1104,1,East Hills
1105,3,East Liberty
1106,1,Marshall-Shadeland
1107,1,
1108,1,Carrick
1109,2,Middle Hill
1110,2,Brighton Heights
1111,1,Homewood North
1112,1,Beechview
1113,1,Greenfield
1114,1,South Side Flats
1115,1,South Side Slopes
1116,1,Strip District
1117,1,Garfield
1118,1,Beechview
1119,1,Middle Hill
1120,2,Carrick
1121,1,South Side Flats
1122,1,South Side Flats
1123,1,Larimer
1124,1,Allegheny West
1125,1,East Liberty
1126,1,Homewood South
1127,1,Perry South
1128,1,Point Breeze North
1129,1,Polish Hill
1130,1,Shadyside
1131,1,South Side Slopes
1132,1,Hazelwood
1133,1,East Hills
1134,2,Larimer
1135,1,Overbrook
1136,1,South Side Flats
1137,1,Bloomfield
1138,1,Central Northside
1139,1,Bloomfield
1140,1,Carrick
1141,3,East Hills
1142,1,
1143,1,Central Business District
1144,1,
1145,2,
1146,1,
1147,1,
1148,1,Upper Lawrenceville
1149,1,
1150,1,Highland Park
1151,1,
1152,1,Middle Hill
1153,1,Middle Hill
1154,2,Larimer
1155,1,
1156,1,Beltzhoover
1157,1,Hazelwood
1158,1,Crawford-Roberts
1159,1,Westwood
1160,1,Northview Heights
1161,1,Bon Air
1162,1,Bluff
1163,1,Crawford-Roberts
1164,1,East Liberty
1165,1,Arlington
1166,1,Brookline
1167,1,Hazelwood
1168,1,Duquesne Heights
1169,1,Brighton Heights
1170,1,Sheraden
1171,2,Marshall-Shadeland
1172,1,
1173,1,South Side Flats
1174,1,
1175,1,Fairywood
1176,1,Central Oakland
1177,1,
1178,2,Bluff
1179,1,Beechview
1180,1,Beechview
1181,1,Larimer
1182,1,Knoxville
1183,1,Hazelwood
1184,2,Sheraden
1185,1,Bluff
1186,1,South Side Flats
1187,1,North Shore
1188,1,Carrick
1189,1,Northview Heights
1190,1,Crawford-Roberts
1191,1,Mount Washington
1192,1,Homewood South
1193,1,Knoxville
1194,2,Hazelwood
1195,1,Marshall-Shadeland
1196,1,East Hills
1197,1,Beechview
1198,2,
1199,1,Knoxville
1200,1,Spring Hill-City View
1201,2,
1202,1,
1203,2,Mount Oliver Borough
1204,1,
1205,1,Carrick
1206,2,South Side Flats
1207,1,Lincoln-Lemington-Belmar
1208,1,Elliott
1209,1,Lincoln-Lemington-Belmar
1210,1,Perry South
1211,1,Larimer
1212,1,Fineview
1213,3,Fineview
1214,1,South Side Flats
1215,1,Brighton Heights
1216,1,Allentown
1217,1,Crawford-Roberts
1218,1,South Side Flats
1219,1,Larimer
1220,2,East Liberty
1221,1,Troy Hill
1222,1,Brighton Heights
1223,2,Hazelwood
1224,1,East Allegheny
1225,2,Marshall-Shadeland
1226,1,Duquesne Heights
1227,1,Lincoln-Lemington-Belmar
1228,1,Sheraden
1229,1,South Side Flats
1230,1,Hazelwood
1231,1,Homewood South
1232,5,North Shore
1233,1,Bluff
1234,1,Central Business District
1235,1,Crawford-Roberts
1236,1,Garfield
1237,1,Homewood South
1238,1,Knoxville
1239,1,Central Business District
1240,1,South Side Slopes
1241,1,South Side Slopes
1242,1,Larimer
1243,1,
1244,1,South Side Flats
1245,1,Carrick
1246,1,Perry South
1247,1,Point Breeze North
1248,1,Troy Hill
1249,1,
1250,1,Central Business District
1251,1,Perry South
1252,1,Marshall-Shadeland
1253,1,
1254,1,South Side Slopes
1255,1,Central Business District
1256,1,Sheraden
1257,1,Perry North
1258,1,
1259,2,Knoxville
1260,1,Central Business District
1261,1,
1262,1,Terrace Village
1263,1,Middle Hill
1264,2,Terrace Village
1265,1,Mount Washington
1266,1,Sheraden
1267,2,Sheraden
1268,1,Upper Hill
1269,1,Beechview
1270,1,Lincoln Place
1271,3,Elliott
1272,1,
1273,1,Homewood South
1274,1,Central Business District
1275,4,Squirrel Hill South
1276,1,
1277,1,Homewood West
1278,1,Allegheny West
1279,1,Garfield
1280,1,South Shore
1281,1,
1282,2,South Side Flats
1283,2,Hazelwood
1284,1,
1285,1,East Liberty
1286,1,Allegheny West
1287,1,Bluff
1288,4,Homewood South
1289,1,Hazelwood
1290,3,Homewood North
1291,1,East Liberty
1292,3,Marshall-Shadeland
1293,1,Bluff
1294,1,Allentown
1295,1,Mount Washington
1296,1,Shadyside
1297,1,East Hills
1298,1,Beechview
1299,1,
1300,1,Allentown
1301,1,
1302,1,Spring Hill-City View
1303,1,Crawford-Roberts
1304,1,Central Oakland
1305,1,Allegheny Center
1306,1,
1307,1,Allentown
1308,1,Squirrel Hill South
1309,1,South Side Flats
1310,1,Westwood
1311,1,Carrick
1312,1,Perry South
1313,1,Homewood North
1314,1,Perry South
1315,2,
1316,1,Brookline
1317,1,Hazelwood
1318,1,Brighton Heights
1319,1,Elliott
1320,1,Central Lawrenceville
1321,1,Homewood South
1322,2,Carrick
1323,1,South Side Slopes
1324,1,Homewood West
1325,1,Knoxville
1326,2,Crafton Heights
1327,1,
1328,1,Northview Heights
1329,2,Spring Hill-City View
1330,1,Lincoln-Lemington-Belmar
1331,2,Strip District
1332,1,
1333,1,South Side Flats
1334,1,
1335,1,Central Business District
1336,1,Bloomfield
1337,1,South Side Flats
1338,2,Knoxville
1339,1,Bloomfield
1340,4,Perry South
1341,1,Mount Washington
1342,1,
1343,2,Garfield
1344,1,Chateau
1345,1,South Side Flats
1346,1,Bluff
1347,1,
1348,1,Bloomfield
1349,1,Bloomfield
1350,1,
1351,1,Homewood South
1352,1,Beechview
1353,1,Middle Hill
1354,1,Central Lawrenceville
1355,3,East Liberty
1356,1,Carrick
1357,2,Homewood South
1358,1,Spring Hill-City View
1359,1,East Liberty
1360,1,Perry North
1361,1,Bloomfield
1362,1,Garfield
1363,1,
1364,1,Garfield
1365,5,East Liberty
1366,1,East Hills
1367,1,Troy Hill
1368,1,
1369,1,Central Business District
1370,2,Spring Hill-City View
1371,1,Central Northside
1372,1,Allentown
1373,1,Manchester
1374,3,Homewood South
1375,1,Perry South
1376,2,Garfield
1377,1,
1378,1,Banksville
1379,1,Lincoln-Lemington-Belmar
1380,1,Middle Hill
1381,1,Brookline
1382,1,
1383,1,Mt. Oliver
1384,1,Central Business District
1385,2,Lincoln-Lemington-Belmar
1386,1,Bloomfield
1387,1,Manchester
1388,1,Hazelwood
1389,1,South Side Flats
1390,1,Perry South
1391,1,Central Business District
1392,3,Mount Washington
1393,1,Lincoln-Lemington-Belmar
1394,1,
1395,1,East Hills
1396,1,Perry North
1397,3,Beechview
1398,1,Mount Washington
1399,1,South Side Flats
1400,1,Garfield
1401,1,Perry South
1402,1,East Liberty
1403,1,Crafton Heights
1404,1,North Shore
1405,1,Squirrel Hill North
1406,1,Larimer
1407,1,Larimer
1408,1,
1409,1,Homewood North
1410,1,Allentown
1411,1,Bloomfield
1412,1,Homewood South
1413,1,
1414,1,Lincoln-Lemington-Belmar
1415,1,Windgap
1416,1,Homewood West
1417,2,Lincoln-Lemington-Belmar
1418,1,Central Northside
1419,1,Crawford-Roberts
1420,1,Perry North
1421,1,East Allegheny
1422,1,Fineview
1423,1,Elliott
1424,2,
1425,1,East Allegheny
1426,1,St. Clair
1427,1,South Side Slopes
1428,1,
1429,1,Central Business District
1430,1,Carrick
1431,1,Larimer
1432,1,Bedford Dwellings
1433,2,
1434,1,Spring Hill-City View
1435,1,Hazelwood
1436,2,
1437,1,Hazelwood
1438,2,
1439,1,Bedford Dwellings
1440,1,
1441,2,Overbrook
1442,7,Marshall-Shadeland
1443,1,Bedford Dwellings
1444,1,Manchester
1445,1,Homewood South
1446,4,Homewood North
1447,1,
1448,1,Greenfield
1449,2,California-Kirkbride
1450,1,South Side Flats
1451,2,
1452,1,Duquesne Heights
1453,1,Larimer
1454,1,
1455,1,South Side Flats
1456,1,Central Business District
1457,1,Homewood South
1458,1,Sheraden
1459,1,Lincoln-Lemington-Belmar
1460,1,St. Clair
1461,1,California-Kirkbride
1462,1,Spring Garden
1463,1,Regent Square
1464,1,South Side Flats
1465,2,Homewood West
1466,1,East Allegheny
1467,1,South Side Flats
1468,1,Lincoln-Lemington-Belmar
1469,1,
1470,1,Larimer
1471,1,Allentown
1472,1,
1473,1,Brookline
1474,5,Central Business District
1475,1,Marshall-Shadeland
1476,1,Mount Washington
1477,1,Terrace Village
1478,1,
1479,1,Marshall-Shadeland
1480,1,Hazelwood
1481,1,Larimer
1482,1,Allentown
1483,1,Bloomfield
1484,2,Troy Hill
1485,1,Homewood South
1486,1,Chartiers City
1487,1,Sheraden
1488,2,Larimer
1489,1,Larimer
1490,1,Larimer
1491,1,Larimer
1492,3,
1493,1,Central Business District
1494,1,Middle Hill
1495,4,
1496,1,Mount Washington
1497,4,
1498,1,Upper Hill
1499,1,Garfield
1500,1,Marshall-Shadeland
1501,1,Garfield
1502,1,
1503,1,South Side Slopes
1504,1,
1505,1,Middle Hill
1506,7,Bloomfield
1507,1,
1508,1,East Allegheny
1509,1,
1510,1,North Oakland
1511,1,Bedford Dwellings
1512,1,Central Business District
1513,1,Lincoln-Lemington-Belmar
1514,1,Bedford Dwellings
1515,3,Allegheny Center
1516,1,Knoxville
1517,6,
1518,1,Homewood South
1519,1,Central Business District
1520,1,Homewood South
1521,1,Overbrook
1522,6,
1523,1,
1524,1,Garfield
1525,2,Garfield
1526,1,Garfield
1527,1,South Side Flats
1528,1,Bedford Dwellings
1529,2,Beechview
1530,1,Central Oakland
1531,1,South Side Flats
1532,1,Larimer
1533,1,Beechview
1534,1,Sheraden
1535,1,South Side Flats
1536,1,Northview Heights
1537,1,Crawford-Roberts
1538,1,Elliott
1539,3,Larimer
1540,1,Fineview
1541,1,East Hills
1542,1,Hazelwood
1543,1,Perry South
1544,1,Central Lawrenceville
1545,1,Beltzhoover
1546,1,
1547,1,Knoxville
1548,1,Larimer
1549,1,Sheraden
1550,1,Homewood South
1551,1,East Allegheny
1552,1,Bedford Dwellings
1553,1,
1554,1,
1555,1,Upper Hill
1556,1,Middle Hill
1557,1,Bedford Dwellings
1558,1,Overbrook
1559,1,Sheraden
1560,1,Sheraden
1561,1,Manchester
1562,1,Garfield
1563,2,Middle Hill
1564,1,Fineview
1565,1,Central Northside
1566,1,Fineview
1567,1,Middle Hill
1568,1,Manchester
1569,1,West Oakland
1570,1,Mount Washington
1571,1,Mount Washington
1572,1,Allegheny Center
1573,1,Sheraden
1574,1,Homewood South
1575,1,Marshall-Shadeland
1576,1,Middle Hill
1577,1,Carrick
1578,1,
1579,2,Bluff
1580,1,Upper Hill
1581,1,
1582,1,North Oakland
1583,1,South Side Slopes
1584,1,
1585,1,
1586,1,
1587,1,
1588,3,St. Clair
1589,2,Homewood South
1590,1,South Side Flats
1591,2,East Allegheny
1592,1,Beechview
1593,1,Central Business District
1594,1,South Side Flats
1595,1,Lincoln-Lemington-Belmar
1596,1,Sheraden
1597,1,Point Breeze
1598,1,East Liberty
1599,1,Sheraden
1600,1,Central Northside
1601,1,Brighton Heights
1602,1,Allentown
1603,1,
1604,1,Beltzhoover
1605,1,
1606,3,Allentown
1607,1,
1608,2,Manchester
1609,1,East Hills
1610,2,
1611,1,Hazelwood
1612,1,
1613,2,
1614,1,Middle Hill
1615,2,Brighton Heights
1616,2,Homewood South
1617,1,Crawford-Roberts
1618,1,Hazelwood
1619,1,
1620,1,Homewood South
1621,1,
1622,1,East Hills
1623,1,
1624,1,Beechview
1625,1,East Allegheny
1626,1,South Side Flats
1627,1,
1628,1,Troy Hill
1629,1,South Side Flats
1630,1,Homewood South
1631,1,South Side Slopes
1632,1,Central Business District
1633,1,Knoxville
1634,1,Bluff
1635,1,South Side Flats
1636,1,Allentown
1637,1,South Side Flats
1638,1,Larimer
1639,1,Middle Hill
1640,2,Bedford Dwellings
1641,1,
1642,1,South Side Flats
1643,2,Homewood South
1644,1,
1645,1,
1646,1,Middle Hill
1647,1,
1648,1,South Side Flats
1649,3,Garfield
1650,1,Knoxville
1651,1,Friendship
1652,1,South Shore
1653,1,Middle Hill
1654,1,Perry North
1655,1,Troy Hill
1656,1,Troy Hill
1657,1,Knoxville
1658,1,Spring Hill-City View
1659,1,Knoxville
1660,1,Windgap
1661,1,Central Business District
1662,1,Knoxville
1663,2,
1664,1,Mount Washington
1665,1,
1666,2,Spring Hill-City View
1667,1,
1668,1,Banksville
1669,3,Marshall-Shadeland
1670,2,
1671,1,Sheraden
1672,1,Bedford Dwellings
1673,1,Middle Hill
1674,2,Glen Hazel
1675,1,Homewood South
1676,1,Point Breeze North
1677,1,Bluff
1678,1,Bluff
1679,1,West End
1680,1,Bedford Dwellings
1681,1,Knoxville
1682,1,
1683,1,Carrick
1684,1,East Hills
1685,1,Homewood South
1686,1,South Side Flats
1687,1,Brighton Heights
1688,1,Knoxville
1689,1,Central Business District
1690,1,Highland Park
1691,1,East Allegheny
1692,1,Point Breeze
1693,1,Homewood South
1694,1,South Side Flats
1695,1,West Oakland
1696,1,
1697,1,Spring Hill-City View
1698,1,Homewood South
1699,1,
1700,1,Homewood North
1701,1,Homewood South
1702,1,
1703,1,Marshall-Shadeland
1704,1,Allegheny West
1705,1,Carrick
1706,1,
1707,1,Marshall-Shadeland
1708,1,Hazelwood
1709,1,Brighton Heights
1710,1,South Side Flats
1711,2,Beltzhoover
1712,1,South Side Flats
1713,1,Homewood North
1714,1,Allegheny West
1715,1,Fineview
1716,1,Middle Hill
1717,1,Duquesne Heights
1718,1,Bedford Dwellings
1719,1,Perry North
1720,1,South Side Flats
1721,1,
1722,1,Northview Heights
1723,4,Bedford Dwellings
1724,2,Upper Lawrenceville
1725,1,
1726,1,Beechview
1727,1,East Hills
1728,1,
1729,1,Beltzhoover
1730,1,Middle Hill
1731,1,Larimer
1732,1,Hazelwood
1733,1,Lincoln-Lemington-Belmar
1734,1,Larimer
1735,1,Central Business District
1736,1,Spring Hill-City View
1737,1,
1738,1,Homewood West
1739,1,North Oakland
1740,1,
1741,1,Knoxville
1742,2,South Side Flats
1743,1,
1744,1,Perry North
1745,1,
1746,1,Point Breeze
1747,3,Perry South
1748,1,Brookline
1749,1,East Allegheny
1750,1,Sheraden
1751,1,Homewood South
1752,1,Sheraden
1753,1,Overbrook
1754,1,Larimer
1755,1,Bon Air
1756,1,Windgap
1757,3,Brookline
1758,1,Elliott
1759,1,Sheraden
1760,1,Homewood North
1761,2,Lincoln-Lemington-Belmar
1762,2,Point Breeze
1763,1,
1764,8,Homewood South
1765,1,Larimer
1766,1,
1767,1,Chateau
1768,1,Central Business District
1769,1,Garfield
1770,2,Homewood South
1771,1,Homewood South
1772,1,Duquesne Heights
1773,1,Knoxville
1774,1,Larimer
1775,1,East Hills
1776,1,Esplen
1777,2,Homewood North
1778,1,Bloomfield
1779,1,Terrace Village
1780,1,
1781,1,Central Northside
1782,1,Strip District
1783,3,South Side Flats
1784,1,Larimer
1785,1,
1786,1,Larimer
1787,1,Northview Heights
1788,1,Middle Hill
1789,1,
1790,1,Central Oakland
1791,1,
1792,2,Perry North
1793,1,
1794,1,Squirrel Hill South
1795,1,California-Kirkbride
1796,1,East Liberty
1797,1,Hazelwood
1798,4,South Side Flats
1799,1,Arlington
1800,1,Troy Hill
1801,1,Homewood South
1802,1,
1803,1,Hazelwood
1804,1,Homewood South
1805,1,South Side Flats
1806,2,
1807,1,
1808,2,Beechview
1809,3,Troy Hill
1810,1,Marshall-Shadeland
1811,1,Homewood South
1812,1,East Hills
1813,1,Sheraden
1814,2,Crawford-Roberts
1815,2,
1816,1,Sheraden
1817,1,
1818,1,Westwood
1819,1,Glen Hazel
1820,1,Middle Hill
1821,1,Terrace Village
1822,1,Manchester
1823,1,
1824,1,South Shore
1825,1,Middle Hill
1826,1,Larimer
1827,1,Homewood South
1828,1,Beechview
1829,1,Lincoln-Lemington-Belmar
1830,1,Central Northside
1831,1,Perry North
1832,1,Crawford-Roberts
1833,1,South Side Slopes
1834,1,East Hills
1835,1,Larimer
1836,1,Squirrel Hill North
1837,1,Beltzhoover
1838,1,Central Northside
1839,1,Spring Hill-City View
1840,1,Perry South
1841,2,Brookline
1842,1,Sheraden
1843,1,Knoxville
1844,1,Northview Heights
1845,2,East Liberty
1846,1,Homewood South
1847,1,Central Lawrenceville
1848,4,Shadyside
1849,1,Allentown
1850,1,Carrick
1851,1,Stanton Heights
1852,1,Homewood South
1853,1,South Side Flats
1854,2,
1855,1,Middle Hill
1856,1,Central Business District
1857,1,Arlington
1858,1,Arlington
1859,1,East Liberty
1860,1,Bloomfield
1861,1,Upper Lawrenceville
1862,1,Carrick
1863,1,
1864,1,Homewood South
1865,1,
1866,1,East Liberty
1867,1,
1868,1,Hazelwood
1869,1,Homewood South
1870,1,Homewood South
1871,1,Spring Hill-City View
1872,1,Mount Washington
1873,1,Bluff
1874,1,Beltzhoover
1875,1,South Side Flats
1876,2,Larimer
1877,1,Sheraden
1878,1,Lincoln-Lemington-Belmar
1879,1,Strip District
1880,1,Marshall-Shadeland
1881,1,Marshall-Shadeland
1882,1,Squirrel Hill South
1883,1,Mount Washington
1884,2,
1885,1,Mount Washington
1886,1,Garfield
1887,1,East Hills
1888,1,Squirrel Hill South
1889,1,Crawford-Roberts
1890,1,South Side Flats
1891,1,Duquesne Heights
1892,1,Highland Park
1893,1,Arlington
1894,1,Perry South
1895,2,Spring Hill-City View
1896,1,South Side Flats
1897,1,Marshall-Shadeland
1898,1,
1899,1,Garfield
1900,1,
1901,8,Elliott
1902,1,Polish Hill
1903,2,Highland Park
1904,1,Squirrel Hill South
1905,1,Terrace Village
1906,1,Hazelwood
1907,1,Central Lawrenceville
1908,1,Marshall-Shadeland
1909,1,Troy Hill
1910,1,Northview Heights
1911,1,
1912,1,Marshall-Shadeland
1913,1,Hazelwood
1914,1,Crawford-Roberts
1915,1,
1916,3,
1917,1,Manchester
1918,3,Bedford Dwellings
1919,1,Allegheny West
1920,1,
1921,2,Marshall-Shadeland
1922,1,South Side Slopes
1923,1,Bloomfield
1924,1,Homewood South
1925,1,Perry North
1926,1,Mount Washington
1927,1,Homewood South
1928,2,Central Lawrenceville
1929,1,Homewood South
1930,1,Beechview
1931,3,Fineview
1932,1,
1933,1,
1934,1,
1935,1,South Side Flats
1936,1,Arlington Heights
1937,1,Bluff
1938,1,Lincoln-Lemington-Belmar
1939,1,
1940,1,Hays
1941,1,
1942,1,Elliott
1943,1,Hazelwood
1944,1,Garfield
1945,1,Fineview
1946,1,
1947,1,Hays
1948,1,
1949,5,Central Oakland
1950,5,Highland Park
1951,1,Sheraden
1952,1,Upper Hill
1953,4,Allentown
1954,1,Brookline
1955,1,East Hills
1956,1,East Hills
1957,2,Homewood North
1958,1,Homewood South
1959,1,North Oakland
1960,1,Homewood South
1961,5,Carrick
1962,1,
1963,1,Homewood North
1964,3,Carrick
1965,1,Larimer
1966,1,Marshall-Shadeland
1967,1,Carrick
1968,1,
1969,1,Overbrook
1970,1,
1971,1,
1972,1,Greenfield
1973,1,Homewood North
1974,1,
1975,1,Homewood South
1976,2,Lincoln-Lemington-Belmar
1977,1,Homewood North
1978,1,California-Kirkbride
1979,1,
1980,1,Greenfield
1981,1,Marshall-Shadeland
1982,1,Larimer
1983,1,
1984,1,Homewood South
1985,1,Polish Hill
1986,1,South Side Flats
1987,1,South Side Flats
1988,1,
1989,1,West End
1990,1,Chateau
1991,1,Homewood West
1992,1,Larimer
1993,1,Squirrel Hill South
1994,1,Perry South
1995,1,South Side Flats
1996,1,Middle Hill
1997,1,
1998,1,
1999,1,Homewood South
2000,1,
2001,1,Crawford-Roberts
2002,1,Homewood North
2003,2,Fineview
2004,2,Bloomfield
2005,1,
2006,1,Sheraden
2007,1,Chateau
2008,1,Bon Air
2009,1,Bon Air
2010,1,
2011,1,South Side Flats
2012,1,Central Northside
2013,1,East Allegheny
2014,1,
2015,1,
2016,1,Hazelwood
2017,1,Chateau
2018,1,Carrick
2019,2,Carrick
2020,1,
2021,1,Brighton Heights
2022,1,Stanton Heights
2023,1,Homewood West
2024,1,
2025,1,Carrick
2026,1,
2027,1,
2028,1,Marshall-Shadeland
2029,4,Windgap
2030,1,Allentown
2031,1,South Side Flats
2032,1,Shadyside
2033,1,
2034,1,Central Business District
2035,1,Mount Washington
2036,1,Central Business District
2037,1,South Side Flats
2038,1,Allentown
2039,1,East Hills
2040,1,South Side Flats
2041,1,Fairywood
2042,1,
2043,1,
2044,1,Elliott
2045,2,Perry North
2046,1,Shadyside
2047,1,Allegheny Center
2048,1,Lincoln-Lemington-Belmar
2049,1,Homewood South
2050,1,Crawford-Roberts
2051,1,Hazelwood
2052,1,Carrick
2053,1,Highland Park
2054,2,Homewood North
2055,1,Fineview
2056,1,Perry South
2057,1,Homewood South
2058,1,Chartiers City
2059,1,South Side Slopes
2060,2,Fairywood
2061,1,Perry South
2062,1,Homewood West
2063,1,Homewood South
2064,1,East Allegheny
2065,2,Brighton Heights
2066,1,
2067,1,Perry South
2068,1,Lincoln-Lemington-Belmar
2069,1,Arlington
2070,1,Arlington
2071,1,Central Northside
2072,1,Hazelwood
2073,1,
2074,1,Greenfield
2075,1,California-Kirkbride
2076,1,Sheraden
2077,1,Crafton Heights
2078,1,Strip District
2079,1,Bedford Dwellings
2080,1,Glen Hazel
2081,1,Bedford Dwellings
2082,1,Middle Hill
2083,1,
2084,1,
2085,1,Spring Hill-City View
2086,1,
2087,1,
2088,1,Mount Oliver Borough
2089,1,Middle Hill
2090,1,
2091,1,
2092,1,Homewood West
2093,1,
2094,1,East Hills
2095,1,Bedford Dwellings
2096,1,
2097,1,
2098,1,East Hills
2099,1,Marshall-Shadeland
2100,1,Perry South
2101,2,East Hills
2102,1,Homewood North
2103,1,Crawford-Roberts
2104,1,Homewood South
2105,1,Carrick
2106,2,North Oakland
2107,1,Knoxville
2108,1,Sheraden
2109,2,
2110,1,Northview Heights
2111,2,Northview Heights
2112,1,
2113,1,Spring Hill-City View
2114,1,
2115,1,Garfield
2116,1,Bluff
2117,1,Carrick
2118,1,Garfield
2119,1,Knoxville
2120,1,Carrick
2121,4,
2122,1,
2123,1,Shadyside
2124,1,Sheraden
2125,1,East Hills
2126,1,Sheraden
2127,1,Homewood South
2128,1,
2129,1,Bloomfield
2130,1,Bedford Dwellings
2131,1,Lincoln-Lemington-Belmar
2132,1,Homewood North
2133,1,
2134,1,Beltzhoover
2135,1,East Hills
2136,1,Fineview
2137,1,Fineview
2138,1,Perry South
2139,1,
2140,1,Elliott
2141,1,Knoxville
2142,1,Larimer
2143,1,Terrace Village
2144,1,Shadyside
2145,1,Squirrel Hill South
2146,1,Allentown
2147,1,Bedford Dwellings
2148,1,Chateau
2149,1,East Liberty
2150,1,
2151,1,East Liberty
2152,1,
2153,1,Central Northside
2154,1,Lincoln-Lemington-Belmar
2155,1,Allentown
2156,1,Manchester
2157,2,
2158,1,
2159,1,Brighton Heights
2160,1,
2161,1,North Shore
2162,1,Bedford Dwellings
2163,1,Knoxville
2164,2,East Hills
2165,1,Knoxville
2166,1,South Side Flats
2167,2,Garfield
2168,2,
2169,1,Strip District
2170,1,Strip District
2171,1,Mount Washington
2172,3,Greenfield
2173,1,Knoxville
2174,1,East Hills
2175,1,East Liberty
2176,1,South Side Slopes
2177,1,Allentown
2178,2,Beechview
2179,1,South Side Slopes
2180,1,Lincoln-Lemington-Belmar
2181,1,Elliott
2182,1,Mount Washington
2183,1,
2184,1,East Allegheny
2185,1,Chateau
2186,1,Squirrel Hill North
2187,1,
2188,1,Mt. Oliver
2189,1,Troy Hill
2190,1,Crafton Heights
2191,4,Brookline
2192,1,East Liberty
2193,1,Perry South
2194,1,Arlington
2195,1,Mount Washington
2196,1,Carrick
2197,1,Westwood
2198,1,Central Lawrenceville
2199,2,South Side Slopes
2200,1,
2201,1,Middle Hill
2202,1,Brighton Heights
2203,3,Perry North
2204,1,Beechview
2205,1,Arlington
2206,1,Central Business District
2207,1,
2208,1,
2209,1,Middle Hill
2210,1,Marshall-Shadeland
2211,1,Northview Heights
2212,1,Mount Washington
2213,1,East Allegheny
2214,2,East Allegheny
2215,1,Lincoln-Lemington-Belmar
2216,1,Fineview
2217,1,East Liberty
2218,1,Larimer
2219,2,East Hills
2220,1,
2221,1,Point Breeze North
2222,1,Brighton Heights
2223,1,Perry North
2224,1,Spring Hill-City View
2225,1,Larimer
2226,4,East Liberty
2227,1,Allentown
2228,1,
2229,1,
2230,1,Arlington Heights
2231,1,Central Lawrenceville
2232,1,Middle Hill
2233,1,East Hills
2234,1,
2235,1,Central Northside
2236,1,Homewood South
2237,1,Brighton Heights
2238,3,South Side Flats
2239,1,Homewood South
2240,1,Hazelwood
2241,1,Hazelwood
2242,2,Carrick
2243,1,South Side Flats
2244,1,Fineview
2245,1,South Side Flats
2246,2,Allentown
2247,1,Lincoln-Lemington-Belmar
2248,1,Middle Hill
2249,1,Manchester
2250,1,Sheraden
2251,1,Fineview
2252,1,South Side Slopes
2253,2,Highland Park
2254,1,Larimer
2255,1,Carrick
2256,1,Hazelwood
2257,1,Larimer
2258,1,South Side Flats
2259,1,Mount Washington
2260,1,Central Business District
2261,1,Allentown
2262,1,Brighton Heights
2263,1,Brighton Heights
2264,1,Fineview
2265,1,California-Kirkbride
2266,1,
2267,1,Mount Washington
2268,1,South Oakland
2269,1,Bedford Dwellings
2270,1,Troy Hill
2271,1,East Allegheny
2272,2,
2273,1,Beechview
2274,1,Brighton Heights
2275,1,Troy Hill
2276,1,
2277,2,Manchester
2278,1,Garfield
2279,1,Beechview
2280,1,Squirrel Hill North
2281,1,
2282,1,South Side Flats
2283,1,
2284,2,Brookline
2285,1,Mount Washington
2286,1,South Side Slopes
2287,1,North Oakland
2288,1,Beltzhoover
2289,1,Brookline
2290,1,Hazelwood
2291,2,Larimer
2292,1,
2293,1,Knoxville
2294,1,Elliott
2295,1,Lincoln-Lemington-Belmar
2296,1,Bon Air
2297,4,Hazelwood
2298,1,Brighton Heights
2299,2,Garfield
2300,1,Hazelwood
2301,1,Terrace Village
2302,1,
2303,1,South Side Flats
2304,1,
2305,1,Oakwood
2306,1,Bloomfield
2307,1,Lincoln-Lemington-Belmar
2308,1,Crawford-Roberts
2309,1,
2310,1,South Side Flats
2311,1,Homewood South
2312,1,Middle Hill
2313,1,Point Breeze
2314,1,Garfield
2315,1,Elliott
2316,1,Lower Lawrenceville
2317,1,Bluff
2318,1,Knoxville
2319,1,Homewood South
2320,1,Marshall-Shadeland
2321,1,Larimer
2322,1,Larimer
2323,1,Perry South
2324,1,Terrace Village
2325,2,South Side Flats
2326,1,Hazelwood
2327,1,Bedford Dwellings
2328,1,Middle Hill
2329,1,Hazelwood
2330,2,
2331,1,Homewood North
2332,1,Homewood South
2333,1,Hazelwood
2334,1,Sheraden
2335,1,Homewood South
2336,1,Hazelwood
2337,1,
2338,1,Polish Hill
2339,1,Perry South
2340,2,Carrick
2341,2,Central Business District
2342,1,Central Business District
2343,2,Brighton Heights
2344,1,Allegheny Center
2345,2,Allentown
2346,1,California-Kirkbride
2347,1,Fineview
2348,1,Manchester
2349,1,
2350,1,Homewood South
2351,2,Manchester
2352,1,Middle Hill
2353,1,Knoxville
2354,1,Homewood South
2355,1,Strip District
2356,1,South Side Slopes
2357,1,Middle Hill
2358,1,Spring Garden
2359,3,Bon Air
2360,1,
2361,1,Marshall-Shadeland
2362,1,Knoxville
2363,1,Larimer
2364,1,Larimer
2365,1,Perry South
2366,1,Terrace Village
2367,2,South Side Flats
2368,1,Hazelwood
2369,1,Bedford Dwellings
2370,1,Middle Hill
2371,1,Hazelwood
2372,2,
2373,1,Homewood North
2374,1,Homewood South
2375,1,Hazelwood
2376,1,Sheraden
2377,1,Homewood South
2378,1,Hazelwood
2379,1,
2380,1,Polish Hill
2381,1,Perry South
2382,2,Carrick
2383,2,Central Business District
2384,1,Central Business District
2385,2,Brighton Heights
2386,1,Allegheny Center
2387,2,Allentown
2388,1,California-Kirkbride
2389,1,Fineview
2390,1,Manchester
2391,1,
2392,1,Homewood South
2393,2,Manchester
2394,1,Middle Hill
2395,1,Knoxville
2396,1,Homewood South
2397,1,Strip District
2398,1,South Side Slopes
2399,1,Middle Hill
2400,1,Spring Garden
2401,3,Bon Air
2402,1,
2403,1,Marshall-Shadeland
2404,1,Knoxville
2405,1,
2406,1,Marshall-Shadeland
2407,1,Marshall-Shadeland
2408,1,Beltzhoover
2409,1,Perry South
2410,1,Garfield
2411,1,Knoxville
2412,1,Central Business District
2413,1,Hazelwood
2414,1,Brighton Heights
2415,1,Crafton Heights
2416,1,Brighton Heights
2417,29,
2418,3,Lincoln-Lemington-Belmar
2419,1,Garfield
2420,2,Homewood North
2421,1,
2422,2,Carrick
2423,1,Garfield
2424,2,
2425,1,Knoxville
2426,1,Homewood North
2427,2,Fairywood
2428,2,Carrick
2429,1,
2430,1,Northview Heights
2431,2,Sheraden
2432,1,
2433,2,
2434,1,Mount Washington
2435,1,Duquesne Heights
2436,1,North Shore
2437,1,Perry South
2438,1,Larimer
2439,1,Mount Washington
2440,1,Crawford-Roberts
2441,1,
2442,1,East Allegheny
2443,1,
2444,1,Homewood South
2445,1,
2446,1,Homewood South
2447,1,Beechview
2448,1,Central Business District
2449,1,Northview Heights
2450,1,Perry South
2451,1,Bluff
2452,2,Hazelwood
2453,1,Bloomfield
2454,11,Beechview
2455,1,Glen Hazel
2456,1,Larimer
2457,1,Homewood South
2458,1,Marshall-Shadeland
2459,1,Upper Lawrenceville
2460,1,Point Breeze
2461,1,Carrick
2462,1,Spring Hill-City View
2463,2,Central Lawrenceville
2464,1,Perry South
2465,1,Middle Hill
2466,1,Allegheny West
2467,2,Allegheny West
2468,5,
2469,1,Bedford Dwellings
2470,1,Beltzhoover
2471,1,Allegheny West
2472,1,
2473,2,Carrick
2474,1,South Side Slopes
2475,1,Mount Washington
2476,3,Sheraden
2477,1,Hazelwood
2478,1,South Side Flats
2479,4,South Side Flats
2480,1,
2481,1,Homewood North
2482,1,South Side Flats
2483,1,Point Breeze
2484,1,Shadyside
2485,1,East Allegheny
2486,1,
2487,1,Crawford-Roberts
2488,1,
2489,1,Fineview
2490,1,Lower Lawrenceville
2491,1,Lincoln-Lemington-Belmar
2492,1,Brookline
2493,2,Carrick
2494,1,East Allegheny
2495,1,Arlington
2496,2,South Side Flats
2497,1,Middle Hill
2498,1,Middle Hill
2499,1,South Oakland
2500,2,
2501,1,Homewood South
2502,1,Brighton Heights
2503,1,Overbrook
2504,1,Homewood South
2505,1,Northview Heights
2506,1,Sheraden
2507,1,
2508,1,Terrace Village
2509,1,
2510,1,Carrick
2511,1,Homewood South
2512,1,Carrick
2513,1,Garfield
2514,1,Spring Garden
2515,1,Mount Washington
2516,1,South Side Flats
2517,1,Crafton Heights
2518,1,Central Northside
2519,3,Carrick
2520,1,Spring Hill-City View
2521,1,East Liberty
2522,1,Central Business District
2523,1,Homewood North
2524,1,
2525,1,Spring Hill-City View
2526,1,Chateau
2527,1,Squirrel Hill North
2528,1,Mount Washington
2529,1,Homewood South
2530,1,Sheraden
2531,1,
2532,1,South Side Flats
2533,1,Lincoln-Lemington-Belmar
2534,1,Northview Heights
2535,1,Homewood South
2536,1,Elliott
2537,2,Hazelwood
2538,1,Brighton Heights
2539,3,Friendship
2540,1,East Liberty
2541,1,Terrace Village
2542,2,Esplen
2543,1,Marshall-Shadeland
2544,1,
2545,1,Knoxville
2546,1,
2547,1,Westwood
2548,1,Homewood South
2549,1,Knoxville
2550,1,Crawford-Roberts
2551,1,Northview Heights
2552,1,
2553,1,Homewood North
2554,1,Marshall-Shadeland
2555,2,Homewood South
2556,1,Garfield
2557,1,Garfield
2558,1,Perry South
2559,1,Knoxville
2560,1,Carrick
2561,1,Larimer
2562,1,South Side Flats
2563,1,South Oakland
2564,1,Lincoln-Lemington-Belmar
2565,2,Perry South
2566,1,Central Business District
2567,2,Perry South
2568,1,
2569,2,Homewood South
2570,1,Perry South
2571,1,
2572,1,Hazelwood
2573,1,Marshall-Shadeland
2574,1,Perry South
2575,1,
2576,1,Knoxville
2577,1,Central Business District
2578,5,Duquesne Heights
2579,1,Troy Hill
2580,1,Homewood South
2581,1,Perry North
2582,1,Hazelwood
2583,2,Hazelwood
2584,1,Central Northside
2585,1,Larimer
2586,1,Brighton Heights
2587,1,Carrick
2588,1,Larimer
2589,1,Crawford-Roberts
2590,1,Mount Washington
2591,1,Central Lawrenceville
2592,1,Terrace Village
2593,1,Homewood North
2594,1,
2595,1,
2596,1,Fineview
2597,2,Beltzhoover
2598,2,Troy Hill
2599,1,Strip District
2600,1,East Hills
2601,1,Middle Hill
2602,1,California-Kirkbride
2603,1,Mount Washington
2604,1,Perry South
2605,1,Mount Oliver Borough
2606,1,Hazelwood
2607,1,East Allegheny
2608,1,Perry North
2609,2,Perry South
2610,1,Perry South
2611,1,Beechview
2612,1,Perry South
2613,1,Marshall-Shadeland
2614,1,Brighton Heights
2615,1,Perry South
2616,1,Manchester
2617,2,Squirrel Hill South
2618,1,Homewood North
2619,1,Northview Heights
2620,1,Point Breeze
2621,1,Point Breeze
2622,1,Overbrook
2623,1,Central Northside
2624,1,Spring Hill-City View
2625,2,Larimer
2626,1,Carrick
2627,1,Mount Washington
2628,1,South Side Slopes
2629,1,Spring Hill-City View
2630,1,Homewood South
2631,1,Central Business District
2632,1,Homewood North
2633,1,Homewood South
2634,1,Sheraden
2635,1,Garfield
2636,1,Manchester
2637,1,
2638,1,Duquesne Heights
2639,1,Homewood North
2640,1,Homewood South
2641,1,Hazelwood
2642,1,Beechview
2643,1,Point Breeze North
2644,1,
2645,1,Central Business District
2646,1,Marshall-Shadeland
2647,1,Sheraden
2648,1,Point Breeze
2649,1,Central Business District
2650,1,Allentown
2651,1,Highland Park
2652,1,Homewood North
2653,1,Lincoln-Lemington-Belmar
2654,1,Homewood West
2655,1,
2656,1,Garfield
2657,2,Lower Lawrenceville
2658,1,Homewood North
2659,1,Allentown
2660,1,Sheraden
2661,1,Perry South
2662,1,North Shore
2663,1,
2664,1,Lincoln-Lemington-Belmar
2665,1,Northview Heights
2666,1,Point Breeze North
2667,1,Highland Park
2668,1,Upper Hill
2669,3,Central Northside
2670,1,South Side Flats
2671,1,
2672,1,
2673,1,
2674,1,Central Oakland
2675,1,Greenfield
2676,1,Marshall-Shadeland
2677,1,California-Kirkbride
2678,3,Elliott
2679,1,
2680,1,Homewood North
2681,1,South Side Flats
2682,2,Greenfield
2683,1,Sheraden
2684,1,
2685,3,Lincoln-Lemington-Belmar
2686,1,East Hills
2687,1,
2688,1,Homewood South
2689,2,Arlington Heights
2690,1,North Oakland
2691,2,Marshall-Shadeland
2692,8,
2693,2,Marshall-Shadeland
2694,1,Beechview
2695,1,Central Business District
2696,1,Summer Hill
2697,1,
2698,1,South Side Flats
2699,1,Sheraden
2700,1,Strip District
2701,1,Fineview
2702,1,East Hills
2703,1,Bluff
2704,2,Terrace Village
2705,1,
2706,1,Overbrook
2707,1,Northview Heights
2708,1,Carrick
2709,1,Allentown
2710,1,Hazelwood
2711,1,East Liberty
2712,1,Elliott
2713,1,Homewood North
2714,1,
2715,1,Troy Hill
2716,1,
2717,1,Upper Lawrenceville
2718,2,Carrick
2719,1,Brookline
2720,1,
2721,1,Sheraden
2722,1,
2723,1,
2724,1,Fineview
2725,1,Mount Washington
2726,1,Northview Heights
2727,1,Hazelwood
2728,1,Knoxville
2729,1,Knoxville
2730,1,
2731,1,Crafton Heights
2732,1,Brighton Heights
2733,1,Manchester
2734,1,Homewood South
2735,2,Brighton Heights
2736,2,
2737,1,Marshall-Shadeland
2738,1,Stanton Heights
2739,1,
2740,1,North Oakland
2741,2,
2742,1,South Side Flats
2743,1,Knoxville
2744,1,Marshall-Shadeland
2745,1,Chateau
2746,1,Carrick
2747,1,Terrace Village
2748,1,South Side Flats
2749,1,East Allegheny
2750,1,Central Lawrenceville
2751,1,Sheraden
2752,1,Mount Washington
2753,1,Carrick
2754,3,Marshall-Shadeland
2755,1,Brighton Heights
2756,1,Squirrel Hill South
2757,1,Manchester
2758,2,Homewood North
2759,1,Fineview
2760,1,Central Business District
2761,1,
2762,1,Elliott
2763,4,South Oakland
2764,1,Garfield
2765,1,Bedford Dwellings
2766,1,Carrick
2767,1,Carrick
2768,1,South Side Flats
2769,1,
2770,1,Shadyside
2771,2,South Shore
2772,1,Knoxville
2773,1,
2774,1,
2775,1,Bluff
2776,2,Marshall-Shadeland
2777,1,Lincoln-Lemington-Belmar
2778,1,Manchester
2779,1,Fineview
2780,2,
2781,1,Allegheny West
2782,1,Allentown
2783,1,
2784,1,East Liberty
2785,3,Lower Lawrenceville
2786,1,Central Lawrenceville
2787,1,Homewood North
2788,1,Sheraden
2789,1,Homewood North
2790,1,Lincoln-Lemington-Belmar
2791,1,Central Business District
2792,1,
2793,1,
2794,1,Spring Hill-City View
2795,1,Allegheny West
2796,2,
2797,1,Perry North
2798,1,Chateau
2799,1,Homewood South
2800,1,Perry South
2801,1,Bluff
2802,1,Allegheny West
2803,1,Homewood West
2804,1,Homewood West
2805,1,Larimer
2806,1,Sheraden
2807,1,Garfield
2808,1,Perry South
2809,1,Bedford Dwellings
2810,1,Brighton Heights
2811,3,Brookline
2812,1,East Liberty
2813,1,Homewood South
2814,1,Manchester
2815,1,Manchester
2816,1,Manchester
2817,1,Stanton Heights
2818,1,Central Northside
2819,1,Mount Washington
2820,1,Homewood North
2821,1,South Side Flats
2822,1,Central Business District
2823,1,Beltzhoover
2824,1,East Liberty
2825,1,Homewood South
2826,1,Fineview
2827,1,Northview Heights
2828,1,Homewood South
2829,1,
2830,1,Central Oakland
2831,1,Central Northside
2832,1,Northview Heights
2833,1,
2834,3,Homewood South
2835,1,Hazelwood
2836,1,Homewood South
2837,1,East Liberty
2838,1,Beechview
2839,1,Troy Hill
2840,1,Hazelwood
2841,1,Perry South
2842,1,East Hills
2843,1,Shadyside
2844,3,Brookline
2845,1,
2846,1,
2847,1,
2848,3,Hazelwood
2849,1,Fineview
2850,1,Mount Washington
2851,1,Beechview
2852,1,
2853,1,Regent Square
2854,1,Elliott
2855,1,
2856,1,Elliott
2857,1,Marshall-Shadeland
2858,1,Homewood South
2859,1,Morningside
2860,1,
2861,2,Central Northside
2862,1,Homewood West
2863,2,
2864,1,
2865,1,California-Kirkbride
2866,1,South Side Slopes
2867,1,Upper Hill
2868,1,
2869,1,Homewood South
2870,1,South Side Flats
2871,1,
2872,1,
2873,1,
2874,1,
2875,1,
2876,1,Homewood South
2877,1,Troy Hill
2878,3,Hazelwood
2879,1,
2880,1,Central Lawrenceville
2881,1,
2882,1,Crawford-Roberts
2883,1,East Hills
2884,1,Marshall-Shadeland
2885,1,Homewood North
2886,1,South Side Slopes
2887,2,East Hills
2888,1,
2889,1,Brookline
2890,1,Terrace Village
2891,1,Fineview
2892,1,Carrick
2893,1,Middle Hill
2894,1,
2895,3,Allentown
2896,1,Middle Hill
2897,1,Bedford Dwellings
2898,2,Homewood North
2899,1,Homewood North
2900,1,East Allegheny
2901,1,South Side Flats
2902,1,Homewood West
2903,1,
2904,1,Squirrel Hill South
2905,1,Spring Garden
2906,1,
2907,1,Morningside
2908,1,Homewood North
2909,1,Marshall-Shadeland
2910,1,Greenfield
2911,3,
2912,1,
2913,1,Homewood South
2914,1,Brookline
2915,1,
2916,1,
2917,1,
2918,1,
2919,1,Overbrook
2920,1,
2921,1,East Liberty
2922,2,Spring Hill-City View
2923,1,
2924,1,Homewood West
2925,1,
2926,1,Homewood South
2927,1,Perry South
2928,1,Marshall-Shadeland
2929,1,Homewood South
2930,1,Garfield
2931,1,Allentown
2932,1,
2933,1,
2934,1,
2935,1,
2936,1,Allentown
2937,1,
2938,1,Spring Hill-City View
2939,2,
2940,1,Northview Heights
2941,2,Squirrel Hill South
2942,1,Westwood
2943,1,
2944,1,
2945,1,
2946,1,Knoxville
2947,1,Perry South
2948,1,Beechview
2949,1,
2950,1,Central Northside
2951,1,Duquesne Heights
2952,1,Garfield
2953,1,
2954,1,Perry South
2955,3,Carrick
2956,1,
2957,1,Central Northside
2958,1,
2959,1,Morningside
2960,2,Homewood South
2961,2,Hays
2962,1,Sheraden
2963,1,Garfield
2964,1,South Side Flats
2965,1,California-Kirkbride
2966,1,East Allegheny
2967,1,Lincoln-Lemington-Belmar
2968,2,
2969,1,Lincoln-Lemington-Belmar
2970,1,Manchester
2971,2,Beechview
2972,1,Duquesne Heights
2973,1,South Side Flats
2974,1,Knoxville
2975,1,Carrick
2976,1,
2977,1,Bluff
2978,1,Spring Hill-City View
2979,1,Manchester
2980,1,Beechview
2981,1,
2982,1,Bloomfield
2983,1,South Shore
2984,1,East Allegheny
2985,1,
2986,1,North Shore
2987,1,Lower Lawrenceville
2988,1,
2989,1,Bloomfield
2990,1,Spring Hill-City View
2991,1,Strip District
2992,2,Manchester
2993,1,Bedford Dwellings
2994,1,
2995,1,Highland Park
2996,1,Bedford Dwellings
2997,1,
2998,2,Lincoln-Lemington-Belmar
2999,1,South Side Flats
3000,1,Esplen
3001,2,
3002,1,Crawford-Roberts
3003,1,Spring Hill-City View
3004,1,Lincoln-Lemington-Belmar
3005,1,Spring Hill-City View
3006,2,
3007,1,
3008,1,Brookline
3009,4,
3010,4,
3011,1,Highland Park
3012,1,Terrace Village
3013,1,Homewood South
3014,1,Chartiers City
3015,1,Hazelwood
3016,1,Perry South
3017,1,South Side Flats
3018,1,
3019,1,Homewood North
3020,1,Sheraden
3021,1,
3022,1,Mount Washington
3023,1,Brookline
3024,1,Windgap
3025,2,Homewood West
3026,1,Sheraden
3027,1,California-Kirkbride
3028,1,
3029,2,Homewood West
3030,2,
3031,1,South Side Slopes
3032,1,Overbrook
3033,1,Hazelwood
3034,1,Central Oakland
3035,1,
3036,1,
3037,1,
3038,1,Mount Washington
3039,1,
3040,1,Hazelwood
3041,1,Homewood West
3042,1,South Side Slopes
3043,2,Central Lawrenceville
3044,1,Arlington
3045,1,Lincoln-Lemington-Belmar
3046,1,Mount Washington
3047,1,
3048,1,Sheraden
3049,1,Perry North
3050,1,Bluff
3051,2,Carrick
3052,3,Northview Heights
3053,1,Fineview
3054,1,Beechview
3055,1,Lincoln-Lemington-Belmar
3056,1,Bluff
3057,1,Middle Hill
3058,1,Spring Hill-City View
3059,1,
3060,1,
3061,1,
3062,1,
3063,1,Manchester
3064,1,Brighton Heights
3065,1,Carrick
3066,1,Spring Hill-City View
3067,1,Terrace Village
3068,1,Northview Heights
3069,1,Lincoln-Lemington-Belmar
3070,2,
3071,1,Spring Hill-City View
3072,1,California-Kirkbride
3073,1,Crawford-Roberts
3074,1,Northview Heights
3075,1,Homewood North
3076,1,Sheraden
3077,1,
3078,1,East Hills
3079,1,
3080,1,
3081,3,
3082,1,Mt. Oliver
3083,1,Carrick
3084,1,Elliott
3085,1,
3086,1,Northview Heights
3087,1,Bluff
3088,1,Beechview
3089,1,Central Business District
3090,2,
3091,1,South Side Flats
3092,1,Homewood South
3093,1,Homewood South
3094,1,Point Breeze
3095,4,South Oakland
3096,1,
3097,4,
3098,1,Homewood North
3099,1,Manchester
3100,1,East Allegheny
3101,1,Central Business District
3102,1,West End
3103,1,Homewood South
3104,1,Bedford Dwellings
3105,2,
3106,1,East Hills
3107,1,Central Business District
3108,1,South Side Flats
3109,1,Spring Hill-City View
3110,1,Troy Hill
3111,1,Central Business District
3112,2,Highland Park
3113,1,
3114,1,Brighton Heights
3115,1,Carrick
3116,1,Beltzhoover
3117,1,North Shore
3118,1,Stanton Heights
3119,1,Carrick
3120,1,Terrace Village
3121,1,Central Business District
3122,1,
3123,1,Elliott
3124,1,East Allegheny
3125,1,Perry South
3126,1,Brookline
3127,1,Highland Park
3128,1,
3129,1,Stanton Heights
3130,1,Hazelwood
3131,1,
3132,1,Homewood South
3133,1,Lower Lawrenceville
3134,1,
3135,1,Crafton Heights
3136,1,
3137,1,East Allegheny
3138,1,Carrick
3139,1,Beltzhoover
3140,1,Lincoln-Lemington-Belmar
3141,2,Fineview
3142,1,Central Business District
3143,1,Allentown
3144,2,Homewood South
3145,1,Overbrook
3146,1,
3147,1,Elliott
3148,2,Crafton Heights
3149,1,Lincoln-Lemington-Belmar
3150,1,South Side Flats
3151,1,
3152,1,Perry South
3153,1,Lincoln-Lemington-Belmar
3154,1,Northview Heights
3155,1,
3156,1,Crafton Heights
3157,1,Homewood South
3158,1,Brookline
3159,1,Perry South
3160,1,Perry South
3161,1,Middle Hill
3162,1,Beltzhoover
3163,1,Marshall-Shadeland
3164,1,Northview Heights
3165,1,North Shore
3166,1,Central Business District
3167,2,Sheraden
3168,1,
3169,1,Squirrel Hill North
3170,2,Central Business District
3171,1,Lincoln-Lemington-Belmar
3172,1,Marshall-Shadeland
3173,1,Highland Park
3174,2,Central Business District
3175,1,Brookline
3176,1,Hays
3177,1,
3178,1,South Side Flats
3179,1,Terrace Village
3180,1,
3181,1,East Allegheny
3182,1,
3183,1,Lincoln-Lemington-Belmar
3184,1,
3185,2,Sheraden
3186,1,Carrick
3187,1,Highland Park
3188,1,Chateau
3189,2,
3190,1,Highland Park
3191,1,Homewood North
3192,1,Bloomfield
3193,1,Sheraden
3194,1,Perry South
3195,1,North Oakland
3196,1,California-Kirkbride
3197,1,East Allegheny
3198,1,Squirrel Hill North
3199,1,Carrick
3200,1,Terrace Village
3201,2,South Side Flats
3202,1,South Side Flats
3203,1,Garfield
3204,1,Carrick
3205,44,Brighton Heights
3206,1,Homewood South
3207,1,
3208,1,Homewood West
3209,2,Beechview
3210,1,Garfield
3211,1,Knoxville
3212,1,Morningside
3213,55,East Liberty
3214,2,Perry South
3215,2,Brighton Heights
3216,1,
3217,1,Crawford-Roberts
3218,1,Perry South
3219,1,Homewood West
3220,1,
3221,1,Northview Heights
3222,1,Strip District
3223,1,South Side Flats
3224,3,Homewood South
3225,1,Spring Hill-City View
3226,1,Crawford-Roberts
3227,1,
3228,1,Overbrook
3229,1,Morningside
3230,2,Sheraden
3231,2,Hazelwood
3232,1,East Hills
3233,1,Mount Oliver Borough
3234,1,
3235,1,
3236,1,Marshall-Shadeland
3237,1,Upper Lawrenceville
3238,1,Lincoln-Lemington-Belmar
3239,1,Perry South
3240,1,Manchester
3241,2,Perry South
3242,1,Terrace Village
3243,1,Beechview
3244,1,Lincoln-Lemington-Belmar
3245,3,Fineview
3246,1,
3247,1,Carrick
3248,2,Upper Hill
3249,1,South Oakland
3250,1,Homewood South
3251,1,Allentown
3252,1,Carrick
3253,2,Middle Hill
3254,1,Carrick
3255,2,Troy Hill
3256,1,
3257,1,East Liberty
3258,3,East Liberty
3259,1,Point Breeze
3260,1,Knoxville
3261,1,Larimer
3262,3,Mount Washington
3263,2,Elliott
3264,1,Larimer
3265,1,
3266,1,Squirrel Hill South
3267,1,North Oakland
3268,1,Central Oakland
3269,1,
3270,1,Homewood South
3271,1,
3272,1,Central Northside
3273,1,Bloomfield
3274,1,Hazelwood
3275,1,Central Business District
3276,1,Central Northside
3277,1,Bloomfield
3278,1,Middle Hill
3279,1,Homewood South
3280,1,Shadyside
3281,2,
3282,1,Lincoln-Lemington-Belmar
3283,1,Allentown
3284,1,Homewood South
3285,1,Knoxville
3286,1,Homewood South
3287,1,Central Business District
3288,1,Perry South
3289,1,Lincoln Place
3290,1,
3291,2,Central Business District
3292,1,East Liberty
3293,1,Carrick
3294,1,Knoxville
3295,1,Knoxville
3296,1,East Liberty
3297,1,California-Kirkbride
3298,1,
3299,1,
3300,1,Highland Park
3301,1,Spring Hill-City View
3302,1,Bedford Dwellings
3303,2,Homewood North
3304,1,Highland Park
3305,1,Sheraden
3306,1,Allentown
3307,1,Bedford Dwellings
3308,1,Brighton Heights
3309,1,Perry North
3310,1,Carrick
3311,1,
3312,3,Squirrel Hill North
3313,2,Knoxville
3314,1,Homewood South
3315,1,Perry South
3316,1,
3317,1,Brighton Heights
3318,1,Perry North
3319,1,Hazelwood
3320,1,
3321,2,Perry South
3322,1,Larimer
3323,1,Carrick
3324,1,Brighton Heights
3325,1,Hazelwood
3326,1,Duquesne Heights
3327,1,Homewood North
3328,1,Carrick
3329,1,
3330,1,Bluff
3331,1,Crafton Heights
3332,3,Swisshelm Park
3333,1,East Liberty
3334,1,Bluff
3335,2,East Hills
3336,1,Knoxville
3337,1,Allegheny Center
3338,1,
3339,1,East Hills
3340,1,Hazelwood
3341,1,
3342,1,North Shore
3343,1,Homewood North
3344,1,
3345,3,
3346,1,Central Business District
3347,1,Mount Washington
3348,1,Highland Park
3349,1,
3350,1,Central Northside
3351,1,Fineview
3352,1,East Hills
3353,1,East Hills
3354,1,East Liberty
3355,1,
3356,1,Lincoln-Lemington-Belmar
3357,1,Allentown
3358,1,Central Lawrenceville
3359,1,Allegheny Center
3360,1,Marshall-Shadeland
3361,1,Lincoln-Lemington-Belmar
3362,1,East Hills
3363,1,
3364,1,South Side Flats
3365,1,Brookline
3366,1,Brookline
3367,1,Stanton Heights
3368,3,Crafton Heights
3369,1,Arlington
3370,1,Homewood South
3371,1,Spring Hill-City View
3372,1,
3373,2,
3374,1,Beechview
3375,1,Beechview
3376,1,
3377,1,North Oakland
3378,1,Troy Hill
3379,1,Terrace Village
3380,1,Fineview
3381,1,Lincoln-Lemington-Belmar
3382,1,Homewood North
3383,1,Marshall-Shadeland
3384,1,Bluff
3385,1,Northview Heights
3386,1,Central Northside
3387,1,Point Breeze North
3388,1,Highland Park
3389,1,South Side Flats
3390,1,
3391,1,
3392,1,Homewood South
3393,1,Marshall-Shadeland
3394,1,Brighton Heights
3395,1,Marshall-Shadeland
3396,1,Upper Hill
3397,1,Homewood South
3398,1,Crafton Heights
3399,2,Brighton Heights
3400,1,
3401,1,Northview Heights
3402,1,Sheraden
3403,1,Manchester
3404,1,Homewood South
3405,1,
3406,1,Homewood South
3407,1,Manchester
3408,2,East Hills
3409,2,Homewood West
3410,1,Carrick
3411,1,East Liberty
3412,2,
3413,1,Westwood
3414,1,Hazelwood
3415,1,Highland Park
3416,4,Homewood South
3417,1,East Hills
3418,2,Allentown
3419,1,Knoxville
3420,1,Marshall-Shadeland
3421,3,
3422,1,Homewood North
3423,5,Brookline
3424,2,
3425,1,Homewood West
3426,1,Spring Hill-City View
3427,1,Spring Hill-City View
3428,1,Carrick
3429,1,Sheraden
3430,1,
3431,1,Windgap
3432,4,Perry South
3433,1,Spring Hill-City View
3434,2,South Side Flats
3435,1,Esplen
3436,3,East Hills
3437,1,Central Business District
3438,1,Fineview
3439,2,Hazelwood
3440,1,
3441,1,Marshall-Shadeland
3442,1,East Liberty
3443,1,Esplen
3444,1,Middle Hill
3445,1,Middle Hill
3446,1,Hazelwood
3447,1,California-Kirkbride
3448,1,Central Northside
3449,1,
3450,1,Banksville
3451,1,Central Business District
3452,1,Mount Washington
3453,1,South Side Flats
3454,1,Bluff
3455,1,East Hills
3456,1,Beltzhoover
3457,1,Hazelwood
3458,2,Homewood North
3459,1,East Hills
3460,2,Marshall-Shadeland
3461,1,Central Oakland
3462,1,Marshall-Shadeland
3463,1,Knoxville
3464,1,
3465,1,Homewood South
3466,1,Bluff
3467,1,
3468,1,Homewood North
3469,1,Garfield
3470,1,Homewood South
3471,1,Homewood North
3472,1,Beltzhoover
3473,1,Beechview
3474,1,East Allegheny
3475,1,Carrick
3476,1,Esplen
3477,6,North Oakland
3478,1,Carrick
3479,1,Homewood West
3480,1,East Liberty
3481,1,Northview Heights
3482,2,Perry South
3483,1,Hazelwood
3484,1,Morningside
3485,1,Knoxville
3486,1,Central Northside
3487,1,
3488,1,Hazelwood
3489,3,Brighton Heights
3490,1,Beltzhoover
3491,1,Glen Hazel
3492,1,Allentown
3493,1,
3494,1,Greenfield
3495,1,Manchester
3496,1,Squirrel Hill North
3497,1,Central Northside
3498,1,Elliott
3499,1,Homewood West
3500,2,East Allegheny
3501,1,Beltzhoover
3502,1,Lincoln-Lemington-Belmar
3503,1,Bluff
3504,1,Elliott
3505,1,Crawford-Roberts
3506,1,Bluff
3507,1,Homewood West
3508,2,East Allegheny
3509,1,
3510,1,Perry South
3511,1,Homewood West
3512,1,Perry South
3513,1,Strip District
3514,1,
3515,1,Point Breeze North
3516,1,Mount Washington
3517,1,Shadyside
3518,1,Homewood South
3519,1,Northview Heights
3520,1,Sheraden
3521,1,Central Business District
3522,2,Northview Heights
3523,1,Lincoln-Lemington-Belmar
3524,1,Lincoln-Lemington-Belmar
3525,1,Homewood North
3526,1,South Side Flats
3527,1,Carrick
3528,1,Arlington
3529,1,Brighton Heights
3530,4,Homewood South
3531,1,Middle Hill
3532,1,South Side Flats
3533,1,South Side Flats
3534,1,Perry South
3535,7,Hazelwood
3536,2,Elliott
3537,1,Fineview
3538,5,Squirrel Hill South
3539,2,Mount Washington
3540,1,Northview Heights
3541,1,Northview Heights
3542,1,Brighton Heights
3543,1,Fineview
3544,1,Mount Washington
3545,1,Bedford Dwellings
3546,1,
3547,2,Beechview
3548,1,Sheraden
3549,1,Homewood South
3550,1,Central Business District
3551,1,Homewood South
3552,1,East Hills
3553,1,Spring Hill-City View
3554,4,Homewood South
3555,1,
3556,1,Central Business District
3557,2,Middle Hill
3558,1,
3559,1,East Hills
3560,1,Central Business District
3561,1,
3562,2,Garfield
3563,1,Garfield
3564,1,Sheraden
3565,1,Bedford Dwellings
3566,1,
3567,1,Northview Heights
3568,1,Homewood South
3569,2,
3570,3,
3571,1,
3572,1,Homewood South
3573,1,South Side Flats
3574,1,Sheraden
3575,1,Crafton Heights
3576,1,Upper Hill
3577,1,Upper Hill
3578,1,
3579,1,Perry South
3580,1,North Shore
3581,1,Homewood North
3582,1,Strip District
3583,1,
3584,2,
3585,1,Larimer
3586,1,North Shore
3587,1,Middle Hill
3588,1,Homewood South
3589,2,
3590,1,Allentown
3591,1,Brighton Heights
3592,1,Squirrel Hill South
3593,1,East Hills
3594,1,Elliott
3595,1,Central Business District
3596,1,Lincoln-Lemington-Belmar
3597,1,Sheraden
3598,1,Homewood North
3599,1,Terrace Village
3600,1,
3601,1,Point Breeze
3602,1,Morningside
3603,1,Lincoln-Lemington-Belmar
3604,1,Bedford Dwellings
3605,3,Bedford Dwellings
3606,1,East Hills
3607,1,East Hills
3608,1,East Hills
3609,1,Crafton Heights
3610,1,Larimer
3611,1,Perry South
3612,1,Oakwood
3613,1,Beechview
3614,1,Homewood North
3615,2,East Hills
3616,1,Mount Washington
3617,1,Lower Lawrenceville
3618,1,Knoxville
3619,1,Central Lawrenceville
3620,1,East Liberty
3621,1,Homewood South
3622,1,Allentown
3623,1,
3624,1,Carrick
3625,1,Shadyside
3626,1,
3627,1,Homewood South
3628,1,Glen Hazel
3629,1,East Hills
3630,1,Allentown
3631,1,Point Breeze
3632,1,East Hills
3633,1,
3634,1,Lincoln Place
3635,1,Spring Hill-City View
3636,1,Homewood North
3637,1,
3638,1,Mount Washington
3639,1,Garfield
3640,2,
3641,1,Homewood South
3642,1,Greenfield
3643,1,Middle Hill
3644,1,Esplen
3645,1,South Side Flats
3646,1,Larimer
3647,2,Manchester
3648,2,East Hills
3649,1,Homewood South
3650,1,Larimer
3651,1,Terrace Village
3652,5,Marshall-Shadeland
3653,1,Homewood North
3654,1,Mount Washington
3655,1,Manchester
3656,1,Brookline
3657,1,
3658,1,Manchester
3659,3,Lincoln Place
3660,1,Lincoln-Lemington-Belmar
3661,1,Homewood South
3662,1,Homewood South
3663,1,
3664,1,Fineview
3665,1,
3666,1,Central Lawrenceville
3667,1,Garfield
3668,1,Crawford-Roberts
3669,1,Homewood South
3670,1,Homewood North
3671,1,
3672,1,Allentown
3673,1,Marshall-Shadeland
3674,2,Marshall-Shadeland
3675,1,Homewood South
3676,1,
3677,1,
3678,1,Elliott
3679,1,Hazelwood
3680,1,Middle Hill
3681,1,Central Oakland
3682,1,Polish Hill
3683,1,South Side Flats
3684,1,Lincoln-Lemington-Belmar
3685,2,
3686,1,
3687,1,Allentown
3688,1,Northview Heights
3689,1,Central Business District
3690,1,Central Business District
3691,1,East Hills
3692,1,Marshall-Shadeland
3693,1,Brighton Heights
3694,1,Beechview
3695,1,Carrick
3696,2,Allentown
3697,1,South Side Flats
3698,1,Bloomfield
3699,2,Knoxville
3700,1,Homewood South
3701,1,East Hills
3702,1,East Hills
3703,1,Hazelwood
3704,1,Middle Hill
3705,3,East Hills
3706,2,Crafton Heights
3707,1,Squirrel Hill South
3708,1,
3709,1,Knoxville
3710,1,Northview Heights
3711,1,Homewood South
3712,1,South Side Flats
3713,1,Fineview
3714,2,
3715,1,Homewood South
3716,1,
3717,1,
3718,1,South Side Flats
3719,1,Homewood North
3720,1,
3721,2,Homewood South
3722,1,West End
3723,1,Central Business District
3724,1,East Hills
3725,1,South Side Flats
3726,1,South Side Flats
3727,1,Homewood South
3728,1,
3729,1,Homewood South
3730,2,East Hills
3731,1,Middle Hill
3732,2,Spring Hill-City View
3733,1,Perry North
3734,2,Spring Hill-City View
3735,1,Homewood North
3736,1,Spring Hill-City View
3737,1,Larimer
3738,1,
3739,1,
3740,1,East Hills
3741,1,East Allegheny
3742,1,
3743,1,Squirrel Hill South
3744,1,Hazelwood
3745,1,Carrick
3746,1,East Hills
3747,1,
3748,1,South Side Flats
3749,1,South Side Flats
3750,1,South Side Flats
3751,1,Sheraden
3752,1,Homewood South
3753,2,Overbrook
3754,1,Lincoln-Lemington-Belmar
3755,1,Brookline
3756,1,Lincoln-Lemington-Belmar
3757,2,Windgap
3758,1,Morningside
3759,1,Troy Hill
3760,2,Carrick
3761,2,Larimer
3762,1,Sheraden
3763,1,
3764,1,Allentown
3765,1,South Side Flats
3766,1,Crawford-Roberts
3767,1,Carrick
3768,1,
3769,1,
3770,1,East Allegheny
3771,1,Sheraden
3772,2,Elliott
3773,1,Squirrel Hill South
3774,2,Bluff
3775,1,
3776,1,South Side Flats
3777,1,Homewood West
3778,1,South Side Flats
3779,1,South Side Flats
3780,1,Homewood South
3781,1,South Side Flats
3782,1,Brighton Heights
3783,1,Beechview
3784,1,South Side Flats
3785,1,Greenfield
3786,1,Middle Hill
3787,1,South Side Flats
3788,1,East Hills
3789,1,Point Breeze North
3790,1,
3791,1,Hays
3792,1,South Side Flats
3793,1,South Side Flats
3794,2,Middle Hill
3795,1,
3796,2,Homewood North
3797,1,Homewood South
3798,1,Homewood South
3799,1,Homewood North
3800,1,Lincoln-Lemington-Belmar
3801,1,Fineview
3802,1,South Side Flats
3803,1,Northview Heights
3804,1,South Oakland
3805,1,
3806,1,Homewood North
3807,1,Bedford Dwellings
3808,1,
3809,1,Sheraden
3810,1,
3811,1,Homewood North
3812,1,
3813,1,
3814,1,
3815,1,
3816,1,Crawford-Roberts
3817,1,Knoxville
3818,1,
3819,2,
3820,18,Homewood South
3821,1,Perry North
3822,1,
3823,1,Manchester
3824,1,South Side Slopes
3825,1,Central Northside
3826,1,Manchester
3827,1,Stanton Heights
3828,1,Homewood North
3829,1,Spring Hill-City View
3830,1,Carrick
3831,1,Homewood South
3832,4,Beechview
3833,2,Mount Washington
3834,1,Larimer
3835,1,
3836,2,Bloomfield
3837,1,Sheraden
3838,1,
3839,1,Central Business District
3840,1,Central Business District
3841,1,Point Breeze North
3842,1,Hazelwood
3843,3,
3844,1,South Side Flats
3845,1,
3846,2,Central Business District
3847,1,
3848,1,
3849,1,Sheraden
3850,1,Homewood West
3851,1,
3852,1,Strip District
3853,1,Central Business District
3854,1,Homewood South
3855,1,Homewood South
3856,1,
3857,1,Homewood South
3858,1,Brighton Heights
3859,1,Central Business District
3860,1,Homewood South
3861,1,Arlington
3862,1,Brighton Heights
3863,1,Homewood North
3864,1,Troy Hill
3865,1,South Side Flats
3866,1,Lower Lawrenceville
3867,1,Knoxville
3868,1,East Hills
3869,1,Homewood South
3870,1,Esplen
3871,1,Marshall-Shadeland
3872,1,Homewood North
3873,1,Homewood South
3874,1,
3875,2,Perry South
3876,2,
3877,1,Beechview
3878,1,Knoxville
3879,1,Brighton Heights
3880,2,
3881,1,Brookline
3882,1,Sheraden
3883,1,Perry South
3884,1,Upper Hill
3885,1,Upper Hill
3886,1,Beechview
3887,1,East Liberty
3888,1,
3889,1,South Side Flats
3890,1,
3891,1,Bedford Dwellings
3892,1,
3893,1,Homewood North
3894,1,Homewood West
3895,2,Homewood South
3896,1,Bedford Dwellings
3897,1,Chateau
3898,1,Upper Hill
3899,2,Crafton Heights
3900,1,South Shore
3901,1,
3902,1,
3903,1,East Liberty
3904,1,East Liberty
3905,1,North Shore
3906,1,South Oakland
3907,1,Hays
3908,2,East Liberty
3909,1,Manchester
3910,1,Knoxville
3911,1,South Side Flats
3912,1,Sheraden
3913,1,Homewood South
3914,1,Hazelwood
3915,1,
3916,1,Perry South
3917,1,Middle Hill
3918,1,Allegheny West
3919,1,East Hills
3920,1,Marshall-Shadeland
3921,1,California-Kirkbride
3922,1,Fineview
3923,1,Homewood North
3924,1,Lincoln-Lemington-Belmar
3925,1,Garfield
3926,1,Hazelwood
3927,1,East Hills
3928,1,South Shore
3929,2,Homewood North
3930,1,Marshall-Shadeland
3931,1,Lincoln-Lemington-Belmar
3932,1,Mount Washington
3933,1,Lincoln-Lemington-Belmar
3934,1,Homewood West
3935,1,Lincoln-Lemington-Belmar
3936,1,Brighton Heights
3937,1,
3938,1,Manchester
3939,5,Homewood North
3940,1,Hays
3941,2,Carrick
3942,1,Brookline
3943,1,South Side Flats
3944,2,Central Northside
3945,1,
3946,1,Shadyside
3947,2,Shadyside
3948,1,Fineview
3949,1,Arlington
3950,1,Allentown
3951,1,Perry South
3952,4,Spring Hill-City View
3953,1,Homewood South
3954,1,Homewood West
3955,1,Lincoln-Lemington-Belmar
3956,1,Central Business District
3957,1,Crawford-Roberts
3958,1,
3959,1,Perry South
3960,4,
3961,1,
3962,1,Upper Hill
3963,1,
3964,1,Beechview
3965,2,Mount Washington
3966,1,South Side Flats
3967,1,
3968,2,Crafton Heights
3969,1,Central Lawrenceville
3970,1,
3971,1,Homewood West
3972,1,Homewood North
3973,1,East Hills
3974,1,
3975,1,South Oakland
3976,1,Hazelwood
3977,1,Bluff
3978,1,Lincoln-Lemington-Belmar
3979,1,Homewood North
3980,3,Fineview
3981,1,
3982,1,Banksville
3983,1,Fineview
3984,1,Sheraden
3985,1,Homewood South
3986,1,Brighton Heights
3987,1,
3988,1,Carrick
3989,1,Homewood North
3990,1,
3991,1,Hazelwood
3992,1,South Side Flats
3993,1,Fineview
3994,1,Allegheny Center
3995,1,Knoxville
3996,1,South Oakland
3997,1,Overbrook
3998,1,California-Kirkbride
3999,1,Carrick
4000,1,
4001,1,Central Northside
4002,1,Strip District
4003,1,
4004,2,East Liberty
4005,1,East Hills
4006,1,Larimer
4007,1,Glen Hazel
4008,1,Sheraden
4009,1,West End
4010,1,Stanton Heights
4011,1,
4012,1,Point Breeze North
4013,1,Lincoln-Lemington-Belmar
4014,1,Brookline
4015,1,Point Breeze
4016,1,Westwood
4017,1,Perry South
4018,1,Lincoln Place
4019,1,
4020,1,Beltzhoover
4021,1,Knoxville
4022,1,
4023,1,
4024,1,
4025,1,
4026,1,Marshall-Shadeland
4027,1,North Oakland
4028,1,
4029,1,
4030,1,Carrick
4031,1,Allegheny Center
4032,1,Spring Garden
4033,1,Fineview
4034,3,Arlington
4035,1,Perry South
4036,1,Fineview
4037,1,
4038,1,Larimer
4039,3,Perry South
4040,2,East Hills
4041,2,
4042,2,Larimer
4043,1,Banksville
4044,1,Brookline
4045,1,East Hills
4046,1,California-Kirkbride
4047,1,Morningside
4048,7,Knoxville
4049,1,Carrick
4050,1,Oakwood
4051,2,Garfield
4052,1,
4053,1,Crawford-Roberts
4054,1,
4055,1,Bedford Dwellings
4056,1,Homewood South
4057,1,Bluff
4058,1,
4059,1,Central Business District
4060,1,Sheraden
4061,1,Homewood North
4062,1,Knoxville
4063,1,Perry South
4064,2,Fineview
4065,1,Hazelwood
4066,1,Perry South
4067,1,
4068,1,Homewood South
4069,1,Beechview
4070,1,Perry South
4071,1,Mount Washington
4072,1,Mount Washington
4073,3,Allentown
4074,1,Middle Hill
4075,1,Homewood South
4076,2,
4077,1,Lincoln Place
4078,1,Perry South
4079,2,Sheraden
4080,1,Beechview
4081,1,Homewood South
4082,1,
4083,1,East Hills
4084,3,
4085,1,Homewood South
4086,2,Central Lawrenceville
4087,2,
4088,4,Homewood South
4089,1,North Shore
4090,1,Shadyside
4091,1,Homewood North
4092,1,Middle Hill
4093,2,East Hills
4094,1,Fairywood
4095,1,Homewood South
4096,1,Lincoln-Lemington-Belmar
4097,1,East Allegheny
4098,1,
4099,2,Hazelwood
4100,1,Marshall-Shadeland
4101,1,Brookline
4102,1,Sheraden
4103,2,
4104,1,
4105,1,
4106,1,Knoxville
4107,1,Knoxville
4108,6,Beechview
4109,1,
4110,1,Carrick
4111,9,Marshall-Shadeland
4112,1,Spring Hill-City View
4113,1,East Allegheny
4114,1,Brookline
4115,1,Duquesne Heights
4116,1,Mount Washington
4117,1,Larimer
4118,2,
4119,1,West Oakland
4120,1,Windgap
4121,1,Lincoln-Lemington-Belmar
4122,1,Homewood North
4123,1,Carrick
4124,1,Highland Park
